score system npt_6.0.gro  atoms 21087
train system npt_3.0.gro  R2 [0.757, 0.752, 0.755]
proposals per point 40  seed 21  kT 2.4943

radius 0.50  waters 19
    move    step    RMS nm     dU/kT     accept
  jiggle   0.250    0.0034    -0.526  1.000e+00
  jiggle   0.250    0.0035     2.706  6.679e-02
  jiggle   0.250    0.0038     0.626  5.345e-01
  jiggle   0.250    0.0039    -1.140  1.000e+00
  jiggle   0.250    0.0040     0.063  9.393e-01
  jiggle   0.250    0.0040    -0.276  1.000e+00
  jiggle   0.250    0.0040     1.716  1.797e-01
  jiggle   0.250    0.0041     0.827  4.374e-01
  jiggle   0.250    0.0041     1.027  3.580e-01
  jiggle   0.250    0.0041     2.456  8.582e-02
  jiggle   0.250    0.0041     2.681  6.849e-02
  jiggle   0.250    0.0041     0.050  9.511e-01
  jiggle   0.250    0.0041    -1.453  1.000e+00
  jiggle   0.250    0.0041     0.213  8.082e-01
  jiggle   0.250    0.0041     3.959  1.908e-02
  jiggle   0.250    0.0042    -1.829  1.000e+00
  jiggle   0.250    0.0042     1.942  1.434e-01
  jiggle   0.250    0.0043     3.571  2.814e-02
  jiggle   0.250    0.0045     4.084  1.684e-02
  jiggle   0.250    0.0046     4.748  8.667e-03
  jiggle   0.250    0.0046     1.954  1.416e-01
  jiggle   0.250    0.0046     2.907  5.466e-02
  jiggle   0.250    0.0047    -0.752  1.000e+00
  jiggle   0.250    0.0047     5.074  6.257e-03
  jiggle   0.250    0.0047     4.335  1.310e-02
  jiggle   0.250    0.0047     4.022  1.792e-02
  jiggle   0.250    0.0047     2.368  9.368e-02
  jiggle   0.250    0.0047     3.896  2.032e-02
  jiggle   0.250    0.0047     1.002  3.670e-01
  jiggle   0.250    0.0048     7.066  8.536e-04
  jiggle   0.250    0.0048     1.979  1.381e-01
  jiggle   0.250    0.0049     4.134  1.601e-02
  jiggle   0.250    0.0049     3.069  4.645e-02
  jiggle   0.250    0.0049    -2.305  1.000e+00
  jiggle   0.250    0.0049     0.864  4.213e-01
  jiggle   0.250    0.0049     5.074  6.257e-03
  jiggle   0.250    0.0049    -0.539  1.000e+00
  jiggle   0.250    0.0051     5.838  2.914e-03
  jiggle   0.250    0.0052     4.673  9.343e-03
  jiggle   0.250    0.0053     5.362  4.691e-03
  jiggle   0.500    0.0073     7.492  5.575e-04
  jiggle   0.500    0.0074     0.526  5.909e-01
  jiggle   0.500    0.0075    10.273  3.454e-05
  jiggle   0.500    0.0078     4.548  1.059e-02
  jiggle   0.500    0.0082     7.893  3.734e-04
  jiggle   0.500    0.0082    13.192  1.865e-06
  jiggle   0.500    0.0084     0.263  7.687e-01
  jiggle   0.500    0.0086     8.432  2.179e-04
  jiggle   0.500    0.0086     7.918  3.642e-04
  jiggle   0.500    0.0087    10.261  3.498e-05
  jiggle   0.500    0.0087     5.224  5.384e-03
  jiggle   0.500    0.0087     7.855  3.877e-04
  jiggle   0.500    0.0089    13.994  8.364e-07
  jiggle   0.500    0.0089     5.938  2.636e-03
  jiggle   0.500    0.0090     6.665  1.275e-03
  jiggle   0.500    0.0090     2.280  1.023e-01
  jiggle   0.500    0.0091     7.229  7.253e-04
  jiggle   0.500    0.0091     1.704  1.820e-01
  jiggle   0.500    0.0092     8.294  2.501e-04
  jiggle   0.500    0.0092     7.342  6.480e-04
  jiggle   0.500    0.0093     3.132  4.363e-02
  jiggle   0.500    0.0093     3.069  4.645e-02
  jiggle   0.500    0.0093     9.346  8.730e-05
  jiggle   0.500    0.0094     9.872  5.158e-05
  jiggle   0.500    0.0094     4.285  1.378e-02
  jiggle   0.500    0.0094     9.121  1.094e-04
  jiggle   0.500    0.0094     4.159  1.562e-02
  jiggle   0.500    0.0095     3.232  3.947e-02
  jiggle   0.500    0.0096     2.669  6.935e-02
  jiggle   0.500    0.0096    10.511  2.723e-05
  jiggle   0.500    0.0096    11.576  9.387e-06
  jiggle   0.500    0.0096    20.697  1.027e-09
  jiggle   0.500    0.0097    13.481  1.398e-06
  jiggle   0.500    0.0097     3.621  2.676e-02
  jiggle   0.500    0.0098     6.540  1.445e-03
  jiggle   0.500    0.0101    18.793  6.894e-09
  jiggle   0.500    0.0106    12.691  3.078e-06
  jiggle   0.500    0.0109    -1.341  1.000e+00
  jiggle   0.500    0.0110     9.922  4.906e-05
  jiggle   0.750    0.0113    15.059  2.883e-07
  jiggle   0.750    0.0113     2.994  5.007e-02
  jiggle   0.500    0.0114    10.060  4.274e-05
  jiggle   0.750    0.0116     9.872  5.158e-05
  jiggle   0.750    0.0117    12.917  2.457e-06
  jiggle   0.750    0.0118    16.287  8.447e-08
  jiggle   0.750    0.0120    13.756  1.061e-06
  jiggle   0.750    0.0120    19.444  3.594e-09
  jiggle   0.750    0.0120    16.537  6.575e-08
  jiggle   0.750    0.0122    11.814  7.398e-06
  jiggle   0.750    0.0122    12.391  4.158e-06
  jiggle   0.750    0.0123    14.195  6.845e-07
  jiggle   0.750    0.0129    26.698  2.542e-12
  jiggle   0.750    0.0130    22.877  1.161e-10
  jiggle   0.750    0.0132    11.351  1.176e-05
  jiggle   0.750    0.0132    15.510  1.837e-07
  jiggle   0.750    0.0132    10.424  2.972e-05
  jiggle   0.750    0.0133    18.316  1.110e-08
  jiggle   0.750    0.0133    17.026  4.033e-08
  jiggle   0.750    0.0133    12.403  4.106e-06
  jiggle   0.750    0.0133    27.938  7.355e-13
  jiggle   0.750    0.0135    23.265  7.872e-11
  jiggle   0.750    0.0136    15.335  2.189e-07
  jiggle   0.750    0.0137    21.524  4.491e-10
  jiggle   1.000    0.0139    30.732  4.500e-14
  jiggle   0.750    0.0140    22.827  1.220e-10
  jiggle   0.750    0.0141    17.515  2.474e-08
  jiggle   0.750    0.0142     8.745  1.593e-04
  jiggle   0.750    0.0142    17.452  2.634e-08
  jiggle   0.750    0.0143    22.789  1.267e-10
  jiggle   0.750    0.0144    28.853  2.947e-13
  jiggle   0.750    0.0144    11.601  9.154e-06
  jiggle   0.750    0.0145    14.032  8.055e-07
  jiggle   0.750    0.0148    27.049  1.790e-12
  jiggle   0.750    0.0148    12.679  3.117e-06
  jiggle   0.750    0.0148    29.367  1.763e-13
  jiggle   0.750    0.0149    18.655  7.913e-09
  jiggle   0.750    0.0150    18.630  8.114e-09
  jiggle   1.000    0.0150    21.298  5.627e-10
  jiggle   0.750    0.0151     7.053  8.644e-04
  jiggle   0.750    0.0157     8.344  2.378e-04
  jiggle   1.000    0.0158    22.288  2.091e-10
  jiggle   0.750    0.0159    20.797  9.288e-10
  jiggle   1.000    0.0161    39.339  8.227e-18
  jiggle   1.000    0.0161    24.906  1.525e-11
  jiggle   1.000    0.0162    17.327  2.986e-08
  jiggle   1.000    0.0163    12.040  5.905e-06
  jiggle   1.000    0.0163    20.334  1.477e-09
  jiggle   1.000    0.0164    17.916  1.657e-08
  jiggle   1.000    0.0164     1.027  3.580e-01
  jiggle   1.000    0.0164    28.915  2.768e-13
  jiggle   1.000    0.0166    20.196  1.695e-09
  jiggle   0.750    0.0166    25.758  6.506e-12
  jiggle   1.000    0.0167    29.279  1.925e-13
  jiggle   1.000    0.0169    32.486  7.789e-15
  jiggle   1.000    0.0169    23.466  6.442e-11
  jiggle   1.000    0.0170    16.588  6.253e-08
  jiggle   1.000    0.0171    20.947  7.992e-10
  jiggle   1.000    0.0172    13.130  1.985e-06
  jiggle   1.000    0.0172    27.036  1.813e-12
  jiggle   1.000    0.0174    23.215  8.276e-11
  jiggle   1.000    0.0175    22.088  2.556e-10
  jiggle   1.000    0.0176    29.442  1.635e-13
  jiggle   1.000    0.0176    25.207  1.129e-11
  jiggle   1.000    0.0177    36.595  1.279e-16
  jiggle   1.000    0.0178    36.169  1.958e-16
  jiggle   1.000    0.0179    31.922  1.369e-14
  jiggle   1.000    0.0181    90.092  7.477e-40
  jiggle   1.000    0.0182    31.108  3.090e-14
  jiggle   1.000    0.0183    31.045  3.290e-14
  jiggle   1.000    0.0184    12.002  6.131e-06
  jiggle   1.000    0.0186    29.279  1.925e-13
  jiggle   1.000    0.0187    49.612  2.842e-22
  jiggle   1.000    0.0189    39.740  5.510e-18
  jiggle   1.000    0.0190    31.985  1.286e-14
  jiggle   1.000    0.0193    34.002  1.710e-15
  jiggle   1.000    0.0195    62.667  6.083e-28
  jiggle   1.000    0.0201    50.377  1.324e-22
  jiggle   1.500    0.0205    41.983  5.851e-19
  jiggle   1.000    0.0206    56.754  2.250e-25
  jiggle   1.000    0.0212    43.311  1.550e-19
  jiggle   1.000    0.0217   114.196  2.543e-50
  jiggle   1.500    0.0223    32.210  1.026e-14
  jiggle   1.500    0.0227    40.341  3.020e-18
  jiggle   1.500    0.0236    57.593  9.721e-26
  jiggle   1.500    0.0244    36.808  1.034e-16
  jiggle   1.500    0.0245    64.271  1.224e-28
  jiggle   1.500    0.0247    86.646  2.344e-38
  jiggle   1.500    0.0249    71.487  8.988e-32
  jiggle   1.500    0.0252    98.398  1.847e-43
  jiggle   1.500    0.0254    71.324  1.058e-31
  jiggle   1.500    0.0257   127.501  4.236e-56
  jiggle   1.500    0.0258    36.307  1.706e-16
  jiggle   1.500    0.0259    63.306  3.211e-28
  jiggle   1.500    0.0260    61.201  2.635e-27
  jiggle   1.500    0.0260    59.911  9.575e-27
  jiggle   1.500    0.0264    74.606  3.970e-33
  jiggle   1.500    0.0266    99.726  4.894e-44
  jiggle   1.500    0.0268    98.786  1.252e-43
  jiggle   1.500    0.0269    52.694  1.304e-23
  jiggle   1.500    0.0269    66.663  1.118e-29
  jiggle   1.500    0.0270    86.859  1.895e-38
  jiggle   1.500    0.0274    78.089  1.220e-34
  jiggle   1.500    0.0275   136.346  6.103e-60
  jiggle   1.500    0.0275    54.273  2.689e-24
  jiggle   1.500    0.0275   106.241  7.249e-47
  jiggle   1.500    0.0277    51.003  7.074e-23
  jiggle   1.500    0.0277   185.382  3.087e-81
  jiggle   1.500    0.0278    87.035  1.590e-38
  jiggle   1.500    0.0280    40.391  2.872e-18
  jiggle   1.500    0.0281    93.474  2.539e-41
  jiggle   1.500    0.0283    89.578  1.250e-39
  jiggle   1.500    0.0288   142.861  9.042e-63
  jiggle   1.500    0.0293    90.079  7.572e-40
  jiggle   1.500    0.0293   147.258  1.113e-64
  jiggle   1.500    0.0295   124.169  1.186e-54
  jiggle   1.500    0.0305   113.795  3.796e-50
  jiggle   1.500    0.0307   100.089  3.403e-44
  jiggle   1.500    0.0313   690.915 8.702e-301
  jiggle   2.000    0.0314   137.912  1.275e-60
  jiggle   2.000    0.0319   133.653  9.024e-59
  jiggle   2.000    0.0319    84.967  1.256e-37
  jiggle   2.000    0.0320   180.296  4.995e-79
  jiggle   2.000    0.0329   136.484  5.318e-60
  jiggle   1.500    0.0330   115.649  5.944e-51
  jiggle   2.000    0.0330   125.209  4.194e-55
  jiggle   2.000    0.0331   133.164  1.471e-58
  jiggle   2.000    0.0333   107.681  1.716e-47
  jiggle   2.000    0.0333    74.368  5.037e-33
  jiggle   1.500    0.0334   229.733 1.692e-100
  jiggle   2.000    0.0337    84.767  1.535e-37
  jiggle   2.000    0.0344   128.566  1.460e-56
  jiggle   2.000    0.0344    75.007  2.659e-33
  jiggle   2.000    0.0347   436.626 2.375e-190
  jiggle   2.000    0.0348   152.558  5.558e-67
  jiggle   2.000    0.0348    86.007  4.441e-38
  jiggle   2.000    0.0352   175.272  7.592e-77
  jiggle   2.000    0.0353   111.778  2.854e-49
  jiggle   2.000    0.0356   131.661  6.615e-58
  jiggle   2.000    0.0358   173.944  2.865e-76
  jiggle   2.000    0.0362   157.657  3.392e-69
  jiggle   2.000    0.0365   203.962  2.633e-89
  jiggle   2.000    0.0366   219.760  3.626e-96
  jiggle   2.000    0.0370   202.671  9.570e-89
  jiggle   2.000    0.0370    84.303  2.441e-37
  jiggle   2.000    0.0372   208.773  2.144e-91
  jiggle   2.000    0.0375   188.026  2.195e-82
  jiggle   2.000    0.0376   185.395  3.048e-81
  jiggle   2.000    0.0378   483.395 1.160e-210
  jiggle   2.000    0.0379   383.305 3.408e-167
  jiggle   2.000    0.0382   151.067  2.468e-66
  jiggle   2.000    0.0386   194.992  2.071e-85
  jiggle   2.000    0.0387    84.566  1.876e-37
  jiggle   2.000    0.0388   371.930 2.971e-162
  jiggle   2.000    0.0391   176.901  1.490e-77
  jiggle   2.000    0.0395   121.463  1.776e-53
  jiggle   2.000    0.0395   150.503  4.338e-66
  jiggle   2.000    0.0400   381.288 2.562e-166
  jiggle   2.000    0.0400    90.781  3.754e-40
  jiggle   2.000    0.0405   205.616  5.038e-90
  jiggle   2.000    0.0412   115.887  4.685e-51
  jiggle   3.000    0.0451   743.233 1.482e-323
  jiggle   3.000    0.0466   160.764  1.517e-70
  jiggle   3.000    0.0489   640.789 5.118e-279
  jiggle   3.000    0.0491   447.225 5.923e-195
  jiggle   3.000    0.0496   186.309  1.221e-81
  jiggle   3.000    0.0497   234.719 1.156e-102
  jiggle   3.000    0.0499   418.999 1.074e-182
  jiggle   3.000    0.0500  1429.738  0.000e+00
  jiggle   3.000    0.0500   407.310 1.281e-177
  jiggle   3.000    0.0502   204.100  2.294e-89
  jiggle   3.000    0.0518   238.027 4.231e-104
  jiggle   3.000    0.0518   431.414 4.356e-188
  jiggle   3.000    0.0519   406.646 2.489e-177
  jiggle   3.000    0.0526   387.477 5.256e-169
  jiggle   3.000    0.0526   320.601 5.818e-140
  jiggle   3.000    0.0528   220.437  1.843e-96
  jiggle   3.000    0.0530   456.559 5.236e-199
  jiggle   3.000    0.0530   641.766 1.926e-279
  jiggle   3.000    0.0532   537.442 3.907e-234
  jiggle   3.000    0.0532   163.959  6.217e-72
  jiggle   3.000    0.0534   416.005 2.145e-181
  jiggle   3.000    0.0537   382.353 8.832e-167
  jiggle   3.000    0.0539   652.828 3.022e-284
  jiggle   3.000    0.0539  5370.023  0.000e+00
  jiggle   3.000    0.0540   373.709 5.016e-163
  jiggle   3.000    0.0541   237.087 1.083e-103
  jiggle   3.000    0.0542   517.309 2.166e-225
  jiggle   3.000    0.0553  1997.887  0.000e+00
  jiggle   3.000    0.0560   446.311 1.478e-194
  jiggle   3.000    0.0574   252.359 2.523e-110
  jiggle   3.000    0.0582  2181.315  0.000e+00
  jiggle   3.000    0.0582   414.802 7.143e-181
  jiggle   3.000    0.0585   705.648 3.475e-307
  jiggle   3.000    0.0588   501.348 1.851e-218
  jiggle   3.000    0.0589   299.190 1.157e-130
  jiggle   3.000    0.0590   373.433 6.608e-163
  jiggle   3.000    0.0593  1235.222  0.000e+00
  jiggle   3.000    0.0599 26063.639  0.000e+00
  jiggle   3.000    0.0603   343.678 5.526e-150
  jiggle   3.000    0.0605  2404.370  0.000e+00

  rotate   0.005    0.0031     0.313  7.311e-01
  rotate   0.005    0.0031    -0.075  1.000e+00
  rotate   0.005    0.0031    -0.401  1.000e+00
  rotate   0.005    0.0031    -0.050  1.000e+00
  rotate   0.005    0.0031    -1.178  1.000e+00
  rotate   0.005    0.0031     0.839  4.320e-01
  rotate   0.005    0.0032    -0.226  1.000e+00
  rotate   0.005    0.0032    -1.140  1.000e+00
  rotate   0.005    0.0032     0.965  3.811e-01
  rotate   0.005    0.0032    -0.288  1.000e+00
  rotate   0.005    0.0032    -0.200  1.000e+00
  rotate   0.005    0.0032    -2.405  1.000e+00
  rotate   0.005    0.0032    -0.451  1.000e+00
  rotate   0.005    0.0033    -0.301  1.000e+00
  rotate   0.005    0.0033    -0.451  1.000e+00
  rotate   0.005    0.0033    -1.453  1.000e+00
  rotate   0.005    0.0033     0.890  4.109e-01
  rotate   0.005    0.0033     0.301  7.403e-01
  rotate   0.005    0.0033    -0.589  1.000e+00
  rotate   0.005    0.0033     1.015  3.625e-01
  rotate   0.005    0.0033    -1.040  1.000e+00
  rotate   0.005    0.0033     1.942  1.434e-01
  rotate   0.005    0.0033     0.401  6.697e-01
  rotate   0.005    0.0033     0.251  7.784e-01
  rotate   0.005    0.0033    -0.714  1.000e+00
  rotate   0.005    0.0033     0.864  4.213e-01
  rotate   0.005    0.0033     0.890  4.109e-01
  rotate   0.005    0.0033     1.052  3.491e-01
  rotate   0.005    0.0034     2.493  8.265e-02
  rotate   0.005    0.0034     1.178  3.080e-01
  rotate   0.005    0.0034     1.391  2.489e-01
  rotate   0.005    0.0034     1.165  3.119e-01
  rotate   0.005    0.0034    -1.265  1.000e+00
  rotate   0.005    0.0034    -0.263  1.000e+00
  rotate   0.005    0.0034     0.063  9.393e-01
  rotate   0.005    0.0034    -1.265  1.000e+00
  rotate   0.005    0.0034     0.664  5.148e-01
  rotate   0.005    0.0034    -0.664  1.000e+00
  rotate   0.005    0.0034    -0.263  1.000e+00
  rotate   0.005    0.0034     0.639  5.278e-01
  rotate   0.010    0.0061     2.781  6.196e-02
  rotate   0.010    0.0062     3.896  2.032e-02
  rotate   0.010    0.0062     0.200  8.184e-01
  rotate   0.010    0.0063     2.343  9.606e-02
  rotate   0.010    0.0063     4.172  1.542e-02
  rotate   0.010    0.0063    -0.952  1.000e+00
  rotate   0.010    0.0064     0.952  3.859e-01
  rotate   0.010    0.0064     2.844  5.820e-02
  rotate   0.010    0.0065     3.483  3.072e-02
  rotate   0.010    0.0065     3.571  2.814e-02
  rotate   0.010    0.0065     4.247  1.431e-02
  rotate   0.010    0.0065    -1.854  1.000e+00
  rotate   0.010    0.0065     1.929  1.452e-01
  rotate   0.010    0.0065    -0.025  1.000e+00
  rotate   0.010    0.0066    -0.589  1.000e+00
  rotate   0.010    0.0066     4.047  1.748e-02
  rotate   0.010    0.0066     3.733  2.391e-02
  rotate   0.010    0.0066    -0.338  1.000e+00
  rotate   0.010    0.0066     1.115  3.279e-01
  rotate   0.010    0.0067     1.203  3.004e-01
  rotate   0.010    0.0067     1.315  2.683e-01
  rotate   0.010    0.0067     1.353  2.584e-01
  rotate   0.010    0.0067     1.616  1.987e-01
  rotate   0.010    0.0067     0.313  7.311e-01
  rotate   0.010    0.0067     1.077  3.405e-01
  rotate   0.010    0.0067     2.393  9.136e-02
  rotate   0.010    0.0067     0.464  6.290e-01
  rotate   0.010    0.0067     2.155  1.159e-01
  rotate   0.010    0.0067    -0.388  1.000e+00
  rotate   0.010    0.0067     1.153  3.158e-01
  rotate   0.010    0.0067     0.175  8.391e-01
  rotate   0.010    0.0068     1.566  2.089e-01
  rotate   0.010    0.0068    -0.677  1.000e+00
  rotate   0.010    0.0068     0.614  5.412e-01
  rotate   0.010    0.0068     2.067  1.265e-01
  rotate   0.010    0.0068     1.353  2.584e-01
  rotate   0.010    0.0068     0.038  9.631e-01
  rotate   0.010    0.0068     0.714  4.896e-01
  rotate   0.010    0.0068     0.138  8.713e-01
  rotate   0.010    0.0068    -1.065  1.000e+00
  rotate   0.020    0.0124    10.461  2.863e-05
  rotate   0.020    0.0124     1.779  1.688e-01
  rotate   0.020    0.0124    11.651  8.707e-06
  rotate   0.020    0.0125     2.368  9.368e-02
  rotate   0.020    0.0125    10.198  3.724e-05
  rotate   0.020    0.0125    10.687  2.285e-05
  rotate   0.020    0.0126     9.158  1.053e-04
  rotate   0.020    0.0127     4.999  6.746e-03
  rotate   0.020    0.0127     1.629  1.962e-01
  rotate   0.020    0.0127    10.950  1.756e-05
  rotate   0.020    0.0128     8.168  2.834e-04
  rotate   0.020    0.0128     0.739  4.775e-01
  rotate   0.020    0.0129     9.083  1.136e-04
  rotate   0.020    0.0130     9.196  1.015e-04
  rotate   0.020    0.0131    11.701  8.281e-06
  rotate   0.020    0.0131     9.860  5.223e-05
  rotate   0.020    0.0132     7.104  8.222e-04
  rotate   0.020    0.0132     6.377  1.700e-03
  rotate   0.020    0.0132     9.459  7.799e-05
  rotate   0.020    0.0132    10.010  4.494e-05
  rotate   0.020    0.0133     7.580  5.107e-04
  rotate   0.020    0.0133     7.830  3.975e-04
  rotate   0.020    0.0133     7.317  6.644e-04
  rotate   0.020    0.0134     7.179  7.626e-04
  rotate   0.020    0.0134     6.377  1.700e-03
  rotate   0.020    0.0134     4.560  1.046e-02
  rotate   0.020    0.0134     1.253  2.857e-01
  rotate   0.020    0.0134     4.761  8.559e-03
  rotate   0.020    0.0134     7.730  4.394e-04
  rotate   0.020    0.0134     6.277  1.880e-03
  rotate   0.020    0.0134     4.460  1.156e-02
  rotate   0.020    0.0135     7.204  7.437e-04
  rotate   0.020    0.0135     2.856  5.747e-02
  rotate   0.020    0.0135     4.924  7.273e-03
  rotate   0.020    0.0135     6.602  1.357e-03
  rotate   0.020    0.0135     3.646  2.610e-02
  rotate   0.020    0.0135     3.044  4.763e-02
  rotate   0.020    0.0136     2.506  8.162e-02
  rotate   0.020    0.0136     3.383  3.396e-02
  rotate   0.020    0.0136     3.859  2.109e-02
  rotate   0.030    0.0184     6.101  2.240e-03
  rotate   0.030    0.0184    21.123  6.706e-10
  rotate   0.030    0.0184     7.504  5.506e-04
  rotate   0.030    0.0185    23.315  7.487e-11
  rotate   0.030    0.0186    22.777  1.283e-10
  rotate   0.030    0.0188    13.330  1.625e-06
  rotate   0.030    0.0188     4.874  7.646e-03
  rotate   0.030    0.0189     4.686  9.227e-03
  rotate   0.030    0.0190    19.381  3.826e-09
  rotate   0.030    0.0190    17.026  4.033e-08
  rotate   0.030    0.0191     5.237  5.317e-03
  rotate   0.030    0.0193    17.540  2.413e-08
  rotate   0.030    0.0194    23.591  5.683e-11
  rotate   0.030    0.0196     9.334  8.840e-05
  rotate   0.030    0.0196     5.450  4.297e-03
  rotate   0.030    0.0196     4.235  1.449e-02
  rotate   0.030    0.0196    12.077  5.687e-06
  rotate   0.030    0.0196     4.097  1.663e-02
  rotate   0.030    0.0196    16.036  1.085e-07
  rotate   0.030    0.0197    15.648  1.600e-07
  rotate   0.030    0.0197    13.280  1.708e-06
  rotate   0.030    0.0198    20.108  1.850e-09
  rotate   0.030    0.0198     8.770  1.553e-04
  rotate   0.030    0.0198    16.876  4.688e-08
  rotate   0.030    0.0200    17.402  2.770e-08
  rotate   0.030    0.0201    10.449  2.899e-05
  rotate   0.030    0.0201    17.364  2.876e-08
  rotate   0.030    0.0201    21.586  4.218e-10
  rotate   0.030    0.0201    22.551  1.608e-10
  rotate   0.030    0.0201    23.152  8.811e-11
  rotate   0.030    0.0201    18.479  9.430e-09
  rotate   0.030    0.0201    17.690  2.076e-08
  rotate   0.030    0.0202    12.065  5.759e-06
  rotate   0.030    0.0202     9.121  1.094e-04
  rotate   0.030    0.0202    10.586  2.526e-05
  rotate   0.030    0.0203    10.574  2.557e-05
  rotate   0.030    0.0203    13.631  1.203e-06
  rotate   0.030    0.0203    12.391  4.158e-06
  rotate   0.030    0.0203     6.903  1.005e-03
  rotate   0.030    0.0204     7.517  5.437e-04
  rotate   0.050    0.0310    24.293  2.818e-11
  rotate   0.050    0.0316    48.360  9.948e-22
  rotate   0.050    0.0318    59.522  1.412e-26
  rotate   0.050    0.0320    25.157  1.187e-11
  rotate   0.050    0.0321    33.351  3.281e-15
  rotate   0.050    0.0321    19.732  2.694e-09
  rotate   0.050    0.0322    20.171  1.738e-09
  rotate   0.050    0.0323    19.018  5.502e-09
  rotate   0.050    0.0324    43.223  1.693e-19
  rotate   0.050    0.0324    72.577  3.022e-32
  rotate   0.050    0.0325    19.419  3.685e-09
  rotate   0.050    0.0326    59.259  1.837e-26
  rotate   0.050    0.0327    39.715  5.650e-18
  rotate   0.050    0.0327    22.426  1.822e-10
  rotate   0.050    0.0328    19.156  4.794e-09
  rotate   0.050    0.0329    16.412  7.452e-08
  rotate   0.050    0.0330    67.854  3.400e-30
  rotate   0.050    0.0330    20.484  1.270e-09
  rotate   0.050    0.0331    56.302  3.533e-25
  rotate   0.050    0.0332    42.521  3.414e-19
  rotate   0.050    0.0332    29.630  1.355e-13
  rotate   0.050    0.0333    35.731  3.036e-16
  rotate   0.050    0.0333    65.348  4.166e-29
  rotate   0.050    0.0333    39.590  6.404e-18
  rotate   0.050    0.0334    23.177  8.593e-11
  rotate   0.050    0.0334    21.261  5.843e-10
  rotate   0.050    0.0334    66.488  1.332e-29
  rotate   0.050    0.0335    34.866  7.206e-16
  rotate   0.050    0.0335    49.800  2.355e-22
  rotate   0.050    0.0336    42.346  4.068e-19
  rotate   0.050    0.0336    25.859  5.885e-12
  rotate   0.050    0.0336    28.264  5.310e-13
  rotate   0.050    0.0337    21.737  3.630e-10
  rotate   0.050    0.0337    33.839  2.013e-15
  rotate   0.050    0.0338    35.856  2.678e-16
  rotate   0.050    0.0339    24.393  2.549e-11
  rotate   0.050    0.0339    29.141  2.209e-13
  rotate   0.050    0.0339    28.314  5.051e-13
  rotate   0.050    0.0340    24.418  2.486e-11
  rotate   0.050    0.0340    22.952  1.077e-10
  rotate   0.080    0.0491    98.724  1.333e-43
  rotate   0.080    0.0491   137.073  2.951e-60
  rotate   0.080    0.0497    75.120  2.375e-33
  rotate   0.080    0.0501   202.321  1.359e-88
  rotate   0.080    0.0502    80.683  9.119e-36
  rotate   0.080    0.0503    73.780  9.077e-33
  rotate   0.080    0.0505   321.440 2.513e-140
  rotate   0.080    0.0507   183.240  2.630e-80
  rotate   0.080    0.0512   186.046  1.589e-81
  rotate   0.080    0.0516   138.326  8.431e-61
  rotate   0.080    0.0516    73.078  1.831e-32
  rotate   0.080    0.0518   257.383 1.660e-112
  rotate   0.080    0.0520    62.692  5.932e-28
  rotate   0.080    0.0524   174.382  1.848e-76
  rotate   0.080    0.0527   142.460  1.350e-62
  rotate   0.080    0.0528    70.347  2.810e-31
  rotate   0.080    0.0529   189.943  3.228e-83
  rotate   0.080    0.0531    90.430  5.331e-40
  rotate   0.080    0.0531   158.835  1.045e-69
  rotate   0.080    0.0532    63.719  2.124e-28
  rotate   0.080    0.0532    82.261  1.881e-36
  rotate   0.080    0.0533   178.003  4.946e-78
  rotate   0.080    0.0535   232.614 9.482e-102
  rotate   0.080    0.0536    79.643  2.580e-35
  rotate   0.080    0.0536   202.496  1.140e-88
  rotate   0.080    0.0537    76.749  4.660e-34
  rotate   0.080    0.0537    72.427  3.512e-32
  rotate   0.080    0.0537   118.744  2.693e-52
  rotate   0.080    0.0537   211.141  2.008e-92
  rotate   0.080    0.0537   125.046  4.936e-55
  rotate   0.080    0.0538    74.594  4.020e-33
  rotate   0.080    0.0538    65.148  5.091e-29
  rotate   0.080    0.0538    83.326  6.485e-37
  rotate   0.080    0.0539    54.148  3.048e-24
  rotate   0.080    0.0540    94.226  1.197e-41
  rotate   0.080    0.0540    89.941  8.691e-40
  rotate   0.080    0.0540    76.310  7.225e-34
  rotate   0.080    0.0541    89.490  1.364e-39
  rotate   0.080    0.0542    47.194  3.190e-21
  rotate   0.080    0.0543    62.504  7.159e-28
  rotate   0.120    0.0740   285.171 1.419e-124
  rotate   0.120    0.0745   486.953 3.305e-212
  rotate   0.120    0.0746   301.019 1.858e-131
  rotate   0.120    0.0746   209.337  1.220e-91
  rotate   0.120    0.0747   392.201 4.671e-171
  rotate   0.120    0.0748   225.360  1.340e-98
  rotate   0.120    0.0753   337.376 3.015e-147
  rotate   0.120    0.0754   191.559  6.413e-84
  rotate   0.120    0.0754   205.277  7.066e-90
  rotate   0.120    0.0759   549.557 2.140e-239
  rotate   0.120    0.0759  1961.843  0.000e+00
  rotate   0.120    0.0762   369.361 3.876e-161
  rotate   0.120    0.0767  2397.654  0.000e+00
  rotate   0.120    0.0768   522.633 1.055e-227
  rotate   0.120    0.0773   143.387  5.342e-63
  rotate   0.120    0.0779   231.274 3.623e-101
  rotate   0.120    0.0782   543.456 9.555e-237
  rotate   0.120    0.0786   180.246  5.252e-79
  rotate   0.120    0.0787   138.125  1.030e-60
  rotate   0.120    0.0789  1363.312  0.000e+00
  rotate   0.120    0.0789   186.410  1.105e-81
  rotate   0.120    0.0789   768.227  0.000e+00
  rotate   0.120    0.0789   133.139  1.508e-58
  rotate   0.120    0.0790   188.189  1.865e-82
  rotate   0.120    0.0791   170.749  6.992e-75
  rotate   0.120    0.0792   355.104 6.029e-155
  rotate   0.120    0.0793   169.033  3.890e-74
  rotate   0.120    0.0797   866.650  0.000e+00
  rotate   0.120    0.0797   543.581 8.429e-237
  rotate   0.120    0.0797   895.528  0.000e+00
  rotate   0.120    0.0798   168.707  5.388e-74
  rotate   0.120    0.0798   867.640  0.000e+00
  rotate   0.120    0.0800   817.376  0.000e+00
  rotate   0.120    0.0801   164.422  3.911e-72
  rotate   0.120    0.0802   202.834  8.132e-89
  rotate   0.120    0.0803   407.874 7.290e-178
  rotate   0.120    0.0805   152.746  4.606e-67
  rotate   0.120    0.0806   314.512 2.565e-137
  rotate   0.120    0.0809   246.208 1.184e-107
  rotate   0.120    0.0809   351.220 2.931e-153

 learned   0.050    0.0014     7.968  3.464e-04
 learned   0.050    0.0014     7.968  3.464e-04
 learned   0.050    0.0014     7.968  3.464e-04
 learned   0.050    0.0014     7.968  3.464e-04
 learned   0.050    0.0014     7.968  3.464e-04
 learned   0.050    0.0014     7.968  3.464e-04
 learned   0.050    0.0014     7.968  3.464e-04
 learned   0.050    0.0014     7.968  3.464e-04
 learned   0.050    0.0014     7.968  3.464e-04
 learned   0.050    0.0014     7.968  3.464e-04
 learned   0.050    0.0014     7.880  3.781e-04
 learned   0.050    0.0014     7.805  4.076e-04
 learned   0.050    0.0014     7.918  3.642e-04
 learned   0.050    0.0014     7.805  4.076e-04
 learned   0.050    0.0014     7.805  4.076e-04
 learned   0.050    0.0014     7.968  3.464e-04
 learned   0.050    0.0014     7.968  3.464e-04
 learned   0.050    0.0014     7.968  3.464e-04
 learned   0.050    0.0014     7.968  3.464e-04
 learned   0.050    0.0014     7.968  3.464e-04
 learned   0.050    0.0014     7.968  3.464e-04
 learned   0.050    0.0014     7.918  3.642e-04
 learned   0.050    0.0014     7.968  3.464e-04
 learned   0.050    0.0014     7.918  3.642e-04
 learned   0.050    0.0014     7.968  3.464e-04
 learned   0.050    0.0014     7.968  3.464e-04
 learned   0.050    0.0014     7.968  3.464e-04
 learned   0.050    0.0014     7.968  3.464e-04
 learned   0.050    0.0014     7.968  3.464e-04
 learned   0.050    0.0014     7.968  3.464e-04
 learned   0.050    0.0014     7.968  3.464e-04
 learned   0.050    0.0014     7.968  3.464e-04
 learned   0.050    0.0014     7.968  3.464e-04
 learned   0.050    0.0014     7.968  3.464e-04
 learned   0.050    0.0014     7.968  3.464e-04
 learned   0.050    0.0014     7.968  3.464e-04
 learned   0.050    0.0014     7.968  3.464e-04
 learned   0.050    0.0014     7.968  3.464e-04
 learned   0.050    0.0014     7.968  3.464e-04
 learned   0.050    0.0014     7.918  3.642e-04
 learned   0.100    0.0028     7.317  6.644e-04
 learned   0.100    0.0028     7.292  6.813e-04
 learned   0.100    0.0028     6.966  9.436e-04
 learned   0.100    0.0028     7.266  6.986e-04
 learned   0.100    0.0028     7.479  5.646e-04
 learned   0.100    0.0028     7.179  7.626e-04
 learned   0.100    0.0028     7.555  5.237e-04
 learned   0.100    0.0028     7.191  7.531e-04
 learned   0.100    0.0028     7.003  9.088e-04
 learned   0.100    0.0028     7.191  7.531e-04
 learned   0.100    0.0028     7.104  8.222e-04
 learned   0.100    0.0028     7.392  6.163e-04
 learned   0.100    0.0028     7.254  7.074e-04
 learned   0.100    0.0028     7.229  7.253e-04
 learned   0.100    0.0028     6.891  1.017e-03
 learned   0.100    0.0028     6.840  1.070e-03
 learned   0.100    0.0028     6.502  1.500e-03
 learned   0.100    0.0028     7.279  6.899e-04
 learned   0.100    0.0028     7.079  8.430e-04
 learned   0.100    0.0028     7.154  7.820e-04
 learned   0.100    0.0028     7.104  8.222e-04
 learned   0.100    0.0028     6.891  1.017e-03
 learned   0.100    0.0028     6.803  1.111e-03
 learned   0.100    0.0028     6.891  1.017e-03
 learned   0.100    0.0028     6.916  9.921e-04
 learned   0.100    0.0028     6.991  9.203e-04
 learned   0.100    0.0028     7.254  7.074e-04
 learned   0.100    0.0028     6.953  9.555e-04
 learned   0.100    0.0028     7.555  5.237e-04
 learned   0.100    0.0028     6.991  9.203e-04
 learned   0.100    0.0028     6.840  1.070e-03
 learned   0.100    0.0028     7.254  7.074e-04
 learned   0.100    0.0028     6.878  1.030e-03
 learned   0.100    0.0028     7.041  8.753e-04
 learned   0.100    0.0028     6.953  9.555e-04
 learned   0.100    0.0028     6.740  1.182e-03
 learned   0.100    0.0028     6.540  1.445e-03
 learned   0.100    0.0028     6.402  1.658e-03
 learned   0.100    0.0028     7.229  7.253e-04
 learned   0.100    0.0028     6.803  1.111e-03
 learned   0.200    0.0057     6.703  1.228e-03
 learned   0.200    0.0057     8.006  3.336e-04
 learned   0.200    0.0057     6.966  9.436e-04
 learned   0.200    0.0057     7.016  8.975e-04
 learned   0.200    0.0057     7.367  6.320e-04
 learned   0.200    0.0057     8.031  3.253e-04
 learned   0.200    0.0057     7.266  6.986e-04
 learned   0.200    0.0057     6.828  1.083e-03
 learned   0.200    0.0057     7.805  4.076e-04
 learned   0.200    0.0057     7.692  4.563e-04
 learned   0.200    0.0057     8.281  2.532e-04
 learned   0.200    0.0057     6.953  9.555e-04
 learned   0.200    0.0057     7.605  4.981e-04
 learned   0.200    0.0057     8.081  3.094e-04
 learned   0.200    0.0057     7.555  5.237e-04
 learned   0.200    0.0057     7.504  5.506e-04
 learned   0.200    0.0057     7.467  5.717e-04
 learned   0.200    0.0057     6.928  9.798e-04
 learned   0.200    0.0057     7.079  8.430e-04
 learned   0.200    0.0057     7.342  6.480e-04
 learned   0.200    0.0057     7.154  7.820e-04
 learned   0.200    0.0058     6.941  9.676e-04
 learned   0.200    0.0058     7.780  4.180e-04
 learned   0.200    0.0058     7.981  3.420e-04
 learned   0.200    0.0058     7.580  5.107e-04
 learned   0.200    0.0058     8.194  2.764e-04
 learned   0.200    0.0058     8.093  3.056e-04
 learned   0.200    0.0058     7.655  4.737e-04
 learned   0.200    0.0058     7.517  5.437e-04
 learned   0.200    0.0058     6.928  9.798e-04
 learned   0.200    0.0058     7.755  4.286e-04
 learned   0.200    0.0058     8.093  3.056e-04
 learned   0.200    0.0058     7.730  4.394e-04
 learned   0.200    0.0058     7.592  5.044e-04
 learned   0.200    0.0058     7.479  5.646e-04
 learned   0.200    0.0058     7.429  5.936e-04
 learned   0.200    0.0058     7.655  4.737e-04
 learned   0.200    0.0058     7.442  5.862e-04
 learned   0.200    0.0058     6.891  1.017e-03
 learned   0.200    0.0058     7.229  7.253e-04
 learned   0.350    0.0101    11.388  1.133e-05
 learned   0.350    0.0101    12.090  5.616e-06
 learned   0.350    0.0101    11.438  1.077e-05
 learned   0.350    0.0101    11.388  1.133e-05
 learned   0.350    0.0101    12.691  3.078e-06
 learned   0.350    0.0101    12.641  3.236e-06
 learned   0.350    0.0101    11.764  7.779e-06
 learned   0.350    0.0101    11.589  9.270e-06
 learned   0.350    0.0101    12.228  4.893e-06
 learned   0.350    0.0101    12.153  5.275e-06
 learned   0.350    0.0101    11.927  6.609e-06
 learned   0.350    0.0101    12.954  2.366e-06
 learned   0.350    0.0101    12.040  5.905e-06
 learned   0.350    0.0101    12.077  5.687e-06
 learned   0.350    0.0102    12.453  3.905e-06
 learned   0.350    0.0102    12.090  5.616e-06
 learned   0.350    0.0102    13.506  1.363e-06
 learned   0.350    0.0102    12.303  4.539e-06
 learned   0.350    0.0102    11.852  7.125e-06
 learned   0.350    0.0102    12.616  3.318e-06
 learned   0.350    0.0102    12.353  4.317e-06
 learned   0.350    0.0102    12.629  3.277e-06
 learned   0.350    0.0102    12.553  3.533e-06
 learned   0.350    0.0102    13.092  2.061e-06
 learned   0.350    0.0102    13.932  8.904e-07
 learned   0.350    0.0103    12.679  3.117e-06
 learned   0.350    0.0103    12.641  3.236e-06
 learned   0.350    0.0103    12.428  4.004e-06
 learned   0.350    0.0104    12.854  2.615e-06
 learned   0.350    0.0104    14.069  7.758e-07
 learned   0.350    0.0104    13.405  1.507e-06
 learned   0.350    0.0104    14.119  7.379e-07
 learned   0.350    0.0104    13.593  1.249e-06
 learned   0.350    0.0104    13.355  1.584e-06
 learned   0.350    0.0104    13.994  8.364e-07
 learned   0.350    0.0104    13.055  2.140e-06
 learned   0.350    0.0104    13.205  1.842e-06
 learned   0.350    0.0104    13.130  1.985e-06
 learned   0.350    0.0105    13.330  1.625e-06
 learned   0.350    0.0105    13.155  1.936e-06
 learned   0.500    0.0144    21.211  6.143e-10
 learned   0.500    0.0144    21.624  4.063e-10
 learned   0.500    0.0145    21.824  3.325e-10
 learned   0.500    0.0145    22.376  1.916e-10
 learned   0.500    0.0146    21.110  6.791e-10
 learned   0.500    0.0146    21.211  6.143e-10
 learned   0.500    0.0146    22.012  2.755e-10
 learned   0.500    0.0146    21.411  5.027e-10
 learned   0.500    0.0146    23.140  8.922e-11
 learned   0.500    0.0147    23.528  6.051e-11
 learned   0.500    0.0147    23.015  1.011e-10
 learned   0.500    0.0147    23.416  6.773e-11
 learned   0.500    0.0147    21.248  5.916e-10
 learned   0.500    0.0147    22.401  1.868e-10
 learned   0.500    0.0147    22.501  1.690e-10
 learned   0.500    0.0147    22.275  2.118e-10
 learned   0.500    0.0148    24.318  2.748e-11
 learned   0.500    0.0148    22.676  1.418e-10
 learned   0.500    0.0148    22.025  2.721e-10
 learned   0.500    0.0148    22.589  1.548e-10
 learned   0.500    0.0149    22.789  1.267e-10
 learned   0.500    0.0150    23.679  5.206e-11
 learned   0.500    0.0150    22.664  1.436e-10
 learned   0.500    0.0151    22.714  1.366e-10
 learned   0.500    0.0151    22.526  1.648e-10
 learned   0.500    0.0151    24.155  3.234e-11
 learned   0.500    0.0151    25.470  8.678e-12
 learned   0.500    0.0151    24.054  3.575e-11
 learned   0.500    0.0151    23.867  4.314e-11
 learned   0.500    0.0152    24.493  2.306e-11
 learned   0.500    0.0152    24.305  2.783e-11
 learned   0.500    0.0152    25.182  1.158e-11
 learned   0.500    0.0153    25.182  1.158e-11
 learned   0.500    0.0153    25.833  6.035e-12
 learned   0.500    0.0153    24.643  1.984e-11
 learned   0.500    0.0154    23.340  7.302e-11
 learned   0.500    0.0154    25.796  6.266e-12
 learned   0.500    0.0154    25.257  1.074e-11
 learned   0.500    0.0154    25.019  1.362e-11
 learned   0.500    0.0155    24.668  1.935e-11
 learned   0.750    0.0215    44.463  4.896e-20
 learned   0.750    0.0216    43.611  1.148e-19
 learned   0.750    0.0217    45.102  2.585e-20
 learned   0.750    0.0217    44.175  6.532e-20
 learned   0.750    0.0217    46.593  5.820e-21
 learned   0.750    0.0217    44.902  3.158e-20
 learned   0.750    0.0218    45.428  1.866e-20
 learned   0.750    0.0218    47.495  2.361e-21
 learned   0.750    0.0219    47.483  2.391e-21
 learned   0.750    0.0220    48.272  1.086e-21
 learned   0.750    0.0220    45.703  1.417e-20
 learned   0.750    0.0222    48.923  5.661e-22
 learned   0.750    0.0223    47.382  2.643e-21
 learned   0.750    0.0223    52.494  1.593e-23
 learned   0.750    0.0223    51.742  3.378e-23
 learned   0.750    0.0223    51.016  6.986e-23
 learned   0.750    0.0223    50.978  7.254e-23
 learned   0.750    0.0224    55.025  1.268e-24
 learned   0.750    0.0225    51.041  6.813e-23
 learned   0.750    0.0226    57.079  1.625e-25
 learned   0.750    0.0227    51.667  3.642e-23
 learned   0.750    0.0227    56.227  3.809e-25
 learned   0.750    0.0229    54.110  3.165e-24
 learned   0.750    0.0230    52.506  1.573e-23
 learned   0.750    0.0230    52.080  2.409e-23
 learned   0.750    0.0231    51.454  4.506e-23
 learned   0.750    0.0231    53.471  5.995e-24
 learned   0.750    0.0231    51.379  4.858e-23
 learned   0.750    0.0232    54.523  2.093e-24
 learned   0.750    0.0232    56.741  2.279e-25
 learned   0.750    0.0232    52.018  2.564e-23
 learned   0.750    0.0233    53.709  4.725e-24
 learned   0.750    0.0233    56.328  3.446e-25
 learned   0.750    0.0235    53.496  5.847e-24
 learned   0.750    0.0235    54.185  2.935e-24
 learned   0.750    0.0236    55.989  4.832e-25
 learned   0.750    0.0237    54.711  1.734e-24
 learned   0.750    0.0241    57.818  7.758e-26
 learned   0.750    0.0242    57.255  1.363e-25
 learned   0.750    0.0243    59.823  1.045e-26
 learned   1.000    0.0281    72.903  2.182e-32
 learned   1.000    0.0284    72.414  3.556e-32
 learned   1.000    0.0286    76.887  4.060e-34
 learned   1.000    0.0290    86.571  2.527e-38
 learned   1.000    0.0291    84.303  2.441e-37
 learned   1.000    0.0291    76.411  6.536e-34
 learned   1.000    0.0291    78.866  5.609e-35
 learned   1.000    0.0292    87.310  1.207e-38
 learned   1.000    0.0294    77.325  2.619e-34
 learned   1.000    0.0294    80.846  7.748e-36
 learned   1.000    0.0295    80.783  8.249e-36
 learned   1.000    0.0297    81.084  6.107e-36
 learned   1.000    0.0298    84.842  1.424e-37
 learned   1.000    0.0299    90.016  8.061e-40
 learned   1.000    0.0302    90.743  3.898e-40
 learned   1.000    0.0303    90.931  3.230e-40
 learned   1.000    0.0303    90.430  5.331e-40
 learned   1.000    0.0303    80.846  7.748e-36
 learned   1.000    0.0303    86.346  3.167e-38
 learned   1.000    0.0304    87.511  9.876e-39
 learned   1.000    0.0305    88.588  3.363e-39
 learned   1.000    0.0305    98.022  2.689e-43
 learned   1.000    0.0305    88.325  4.375e-39
 learned   1.000    0.0306    92.246  8.668e-41
 learned   1.000    0.0307    92.497  6.747e-41
 learned   1.000    0.0307    92.309  8.141e-41
 learned   1.000    0.0308    88.926  2.398e-39
 learned   1.000    0.0309    92.509  6.663e-41
 learned   1.000    0.0310    92.397  7.458e-41
 learned   1.000    0.0313    96.945  7.898e-43
 learned   1.000    0.0313    91.332  2.163e-40
 learned   1.000    0.0313    93.098  3.698e-41
 learned   1.000    0.0314    93.098  3.698e-41
 learned   1.000    0.0314    92.647  5.805e-41
 learned   1.000    0.0315    98.323  1.991e-43
 learned   1.000    0.0316    92.873  4.633e-41
 learned   1.000    0.0319    94.439  9.677e-42
 learned   1.000    0.0320    99.413  6.693e-44
 learned   1.000    0.0322    95.754  2.597e-42
 learned   1.000    0.0322    99.926  4.005e-44

radius 0.70  waters 47
    move    step    RMS nm     dU/kT     accept
  jiggle   0.250    0.0040     3.333  3.570e-02
  jiggle   0.250    0.0040     0.539  5.835e-01
  jiggle   0.250    0.0041    -2.694  1.000e+00
  jiggle   0.250    0.0042     2.155  1.159e-01
  jiggle   0.250    0.0042     8.732  1.613e-04
  jiggle   0.250    0.0042     5.425  4.406e-03
  jiggle   0.250    0.0042    -1.541  1.000e+00
  jiggle   0.250    0.0043     9.672  6.303e-05
  jiggle   0.250    0.0043    10.737  2.173e-05
  jiggle   0.250    0.0044     6.866  1.043e-03
  jiggle   0.250    0.0044    11.451  1.064e-05
  jiggle   0.250    0.0044     4.761  8.559e-03
  jiggle   0.250    0.0044     6.352  1.743e-03
  jiggle   0.250    0.0044     1.391  2.489e-01
  jiggle   0.250    0.0045     2.167  1.145e-01
  jiggle   0.250    0.0045     9.860  5.223e-05
  jiggle   0.250    0.0045     3.132  4.363e-02
  jiggle   0.250    0.0045    10.135  3.965e-05
  jiggle   0.250    0.0045     4.686  9.227e-03
  jiggle   0.250    0.0045     7.442  5.862e-04
  jiggle   0.250    0.0046     9.960  4.725e-05
  jiggle   0.250    0.0046    -0.639  1.000e+00
  jiggle   0.250    0.0046     2.456  8.582e-02
  jiggle   0.250    0.0046    -2.067  1.000e+00
  jiggle   0.250    0.0046    -3.408  1.000e+00
  jiggle   0.250    0.0046     0.438  6.450e-01
  jiggle   0.250    0.0047     2.631  7.201e-02
  jiggle   0.250    0.0047     8.469  2.098e-04
  jiggle   0.250    0.0047     6.051  2.355e-03
  jiggle   0.250    0.0048     6.953  9.555e-04
  jiggle   0.250    0.0048     6.715  1.212e-03
  jiggle   0.250    0.0048     3.182  4.149e-02
  jiggle   0.250    0.0048     0.088  9.160e-01
  jiggle   0.250    0.0049     5.412  4.462e-03
  jiggle   0.250    0.0049     5.437  4.351e-03
  jiggle   0.250    0.0049     7.404  6.087e-04
  jiggle   0.250    0.0049     9.684  6.225e-05
  jiggle   0.250    0.0049     1.077  3.405e-01
  jiggle   0.250    0.0050     3.721  2.421e-02
  jiggle   0.250    0.0052     1.341  2.617e-01
  jiggle   0.500    0.0079    14.207  6.759e-07
  jiggle   0.500    0.0082    18.755  7.158e-09
  jiggle   0.500    0.0082    15.598  1.682e-07
  jiggle   0.500    0.0084     6.239  1.952e-03
  jiggle   0.500    0.0085     6.615  1.340e-03
  jiggle   0.500    0.0085    22.037  2.687e-10
  jiggle   0.500    0.0085    21.812  3.367e-10
  jiggle   0.500    0.0086    23.478  6.362e-11
  jiggle   0.500    0.0086     6.565  1.409e-03
  jiggle   0.500    0.0087    19.081  5.168e-09
  jiggle   0.500    0.0087    29.341  1.808e-13
  jiggle   0.500    0.0087    25.658  7.192e-12
  jiggle   0.500    0.0087    18.179  1.274e-08
  jiggle   0.500    0.0088    11.313  1.221e-05
  jiggle   0.500    0.0088    25.558  7.950e-12
  jiggle   0.500    0.0088    21.273  5.770e-10
  jiggle   0.500    0.0088    25.884  5.740e-12
  jiggle   0.500    0.0089    11.990  6.208e-06
  jiggle   0.500    0.0089     9.534  7.234e-05
  jiggle   0.500    0.0089    12.015  6.055e-06
  jiggle   0.500    0.0089    12.278  4.654e-06
  jiggle   0.500    0.0089    18.016  1.499e-08
  jiggle   0.500    0.0090    17.690  2.076e-08
  jiggle   0.500    0.0090    24.318  2.748e-11
  jiggle   0.500    0.0091    15.209  2.481e-07
  jiggle   0.500    0.0091    25.821  6.111e-12
  jiggle   0.500    0.0091    19.006  5.572e-09
  jiggle   0.500    0.0091    18.993  5.642e-09
  jiggle   0.500    0.0092    25.821  6.111e-12
  jiggle   0.500    0.0093    11.501  1.012e-05
  jiggle   0.500    0.0093    19.219  4.503e-09
  jiggle   0.500    0.0093     2.468  8.475e-02
  jiggle   0.500    0.0093    24.217  3.038e-11
  jiggle   0.500    0.0094    35.681  3.192e-16
  jiggle   0.500    0.0095    28.089  6.328e-13
  jiggle   0.500    0.0097    19.782  2.562e-09
  jiggle   0.500    0.0097    21.223  6.067e-10
  jiggle   0.500    0.0098    30.807  4.174e-14
  jiggle   0.500    0.0099    14.909  3.351e-07
  jiggle   0.500    0.0101    24.957  1.451e-11
  jiggle   0.750    0.0121    33.062  4.377e-15
  jiggle   0.750    0.0122    36.520  1.379e-16
  jiggle   0.750    0.0122    13.117  2.010e-06
  jiggle   0.750    0.0125    27.826  8.233e-13
  jiggle   0.750    0.0125    20.559  1.178e-09
  jiggle   0.750    0.0126    38.788  1.428e-17
  jiggle   0.750    0.0126    27.274  1.429e-12
  jiggle   0.750    0.0128    62.704  5.858e-28
  jiggle   0.750    0.0128     8.457  2.125e-04
  jiggle   0.750    0.0129    27.349  1.325e-12
  jiggle   0.750    0.0130    43.073  1.967e-19
  jiggle   0.750    0.0131    41.068  1.460e-18
  jiggle   0.750    0.0132    28.314  5.051e-13
  jiggle   0.750    0.0132    35.054  5.971e-16
  jiggle   0.750    0.0133    30.782  4.280e-14
  jiggle   0.750    0.0133    32.912  5.087e-15
  jiggle   0.750    0.0134    47.244  3.034e-21
  jiggle   0.750    0.0134    51.404  4.738e-23
  jiggle   0.750    0.0135    41.218  1.256e-18
  jiggle   0.750    0.0135    62.116  1.056e-27
  jiggle   0.750    0.0136    43.561  1.207e-19
  jiggle   0.750    0.0136    64.333  1.149e-28
  jiggle   0.750    0.0137    38.362  2.186e-17
  jiggle   0.750    0.0137    51.542  4.128e-23
  jiggle   0.750    0.0138    60.813  3.885e-27
  jiggle   0.750    0.0139    61.627  1.721e-27
  jiggle   0.750    0.0139    39.339  8.227e-18
  jiggle   0.750    0.0142    57.305  1.297e-25
  jiggle   0.750    0.0142    57.255  1.363e-25
  jiggle   0.750    0.0143    33.225  3.719e-15
  jiggle   0.750    0.0143    35.819  2.781e-16
  jiggle   0.750    0.0144    47.858  1.642e-21
  jiggle   0.750    0.0144    67.265  6.127e-30
  jiggle   0.750    0.0144    47.595  2.136e-21
  jiggle   0.750    0.0147    38.475  1.953e-17
  jiggle   0.750    0.0148    55.789  5.905e-25
  jiggle   0.750    0.0150    43.774  9.753e-20
  jiggle   0.750    0.0154    81.936  2.605e-36
  jiggle   0.750    0.0154    53.596  5.289e-24
  jiggle   0.750    0.0154    60.224  7.000e-27
  jiggle   1.000    0.0160    51.191  5.862e-23
  jiggle   1.000    0.0161    70.560  2.271e-31
  jiggle   1.000    0.0164    92.923  4.406e-41
  jiggle   1.000    0.0165    93.148  3.517e-41
  jiggle   1.000    0.0165    64.646  8.403e-29
  jiggle   1.000    0.0168    30.795  4.227e-14
  jiggle   1.000    0.0170    43.536  1.237e-19
  jiggle   1.000    0.0173    61.389  2.183e-27
  jiggle   1.000    0.0174    60.437  5.657e-27
  jiggle   1.000    0.0175   127.814  3.097e-56
  jiggle   1.000    0.0175   104.061  6.413e-46
  jiggle   1.000    0.0175    88.438  3.908e-39
  jiggle   1.000    0.0175    49.738  2.507e-22
  jiggle   1.000    0.0176    78.027  1.298e-34
  jiggle   1.000    0.0177   102.820  2.217e-45
  jiggle   1.000    0.0177    52.619  1.405e-23
  jiggle   1.000    0.0179    80.645  9.468e-36
  jiggle   1.000    0.0179    52.206  2.125e-23
  jiggle   1.000    0.0179    66.726  1.050e-29
  jiggle   1.000    0.0179    67.315  5.828e-30
  jiggle   1.000    0.0180    71.838  6.328e-32
  jiggle   1.000    0.0182    63.707  2.150e-28
  jiggle   1.000    0.0182    71.161  1.245e-31
  jiggle   1.000    0.0183   110.212  1.366e-48
  jiggle   1.000    0.0186    72.702  2.666e-32
  jiggle   1.000    0.0188    86.571  2.527e-38
  jiggle   1.000    0.0189    92.961  4.244e-41
  jiggle   1.000    0.0190    73.654  1.029e-32
  jiggle   1.000    0.0190    77.363  2.522e-34
  jiggle   1.000    0.0190    61.915  1.290e-27
  jiggle   1.000    0.0191    73.892  8.109e-33
  jiggle   1.000    0.0191   110.550  9.741e-49
  jiggle   1.000    0.0191   122.427  6.769e-54
  jiggle   1.000    0.0192    81.447  4.247e-36
  jiggle   1.000    0.0192    52.719  1.271e-23
  jiggle   1.000    0.0194   110.726  8.174e-49
  jiggle   1.000    0.0195   103.973  7.000e-46
  jiggle   1.000    0.0196    90.430  5.331e-40
  jiggle   1.000    0.0197    96.706  1.002e-42
  jiggle   1.000    0.0202   113.695  4.197e-50
  jiggle   1.500    0.0243   247.247 4.186e-108
  jiggle   1.500    0.0245   170.135  1.292e-74
  jiggle   1.500    0.0248   104.862  2.876e-46
  jiggle   1.500    0.0250   205.966  3.548e-90
  jiggle   1.500    0.0251   246.045 1.394e-107
  jiggle   1.500    0.0252   154.725  6.362e-68
  jiggle   1.500    0.0253   175.522  5.910e-77
  jiggle   1.500    0.0255   162.806  1.969e-71
  jiggle   1.500    0.0256   169.020  3.939e-74
  jiggle   1.500    0.0257   155.277  3.666e-68
  jiggle   1.500    0.0257   145.880  4.415e-64
  jiggle   1.500    0.0258   135.256  1.815e-59
  jiggle   1.500    0.0259   155.865  2.035e-68
  jiggle   1.500    0.0259   164.360  4.164e-72
  jiggle   1.500    0.0262   118.468  3.547e-52
  jiggle   1.500    0.0263   204.789  1.152e-89
  jiggle   1.500    0.0265   173.092  6.716e-76
  jiggle   1.500    0.0265   195.956  7.894e-86
  jiggle   1.500    0.0266   192.574  2.325e-84
  jiggle   1.500    0.0266   109.348  3.243e-48
  jiggle   1.500    0.0268   179.356  1.278e-78
  jiggle   1.500    0.0269   183.478  2.073e-80
  jiggle   1.500    0.0269   214.674  5.867e-94
  jiggle   1.500    0.0270   155.214  3.903e-68
  jiggle   1.500    0.0271   112.668  1.172e-49
  jiggle   1.500    0.0271   317.682 1.078e-138
  jiggle   1.500    0.0272   231.725 2.308e-101
  jiggle   1.500    0.0272   117.015  1.517e-51
  jiggle   1.500    0.0274   148.173  4.459e-65
  jiggle   1.500    0.0275   252.785 1.648e-110
  jiggle   1.500    0.0276   173.693  3.681e-76
  jiggle   1.500    0.0281   309.087 5.822e-135
  jiggle   1.500    0.0285   484.748 2.997e-211
  jiggle   1.500    0.0286   142.210  1.735e-62
  jiggle   1.500    0.0287   211.116  2.059e-92
  jiggle   1.500    0.0290   246.859 6.173e-108
  jiggle   1.500    0.0295   194.027  5.435e-85
  jiggle   1.500    0.0300   394.168 6.534e-172
  jiggle   1.500    0.0300   408.087 5.892e-178
  jiggle   1.500    0.0306   367.207 3.344e-160
  jiggle   2.000    0.0323   491.576 3.246e-214
  jiggle   2.000    0.0337   402.912 1.041e-175
  jiggle   2.000    0.0341   415.654 3.047e-181
  jiggle   2.000    0.0343   351.584 2.038e-153
  jiggle   2.000    0.0343   234.205 1.932e-102
  jiggle   2.000    0.0344   431.753 3.106e-188
  jiggle   2.000    0.0345   346.184 4.511e-151
  jiggle   2.000    0.0346   191.120  9.943e-84
  jiggle   2.000    0.0349   331.513 1.061e-144
  jiggle   2.000    0.0352   362.458 3.858e-158
  jiggle   2.000    0.0353   913.368  0.000e+00
  jiggle   2.000    0.0353   351.634 1.938e-153
  jiggle   2.000    0.0356   345.570 8.334e-151
  jiggle   2.000    0.0357   400.996 7.077e-175
  jiggle   2.000    0.0358   290.683 5.726e-127
  jiggle   2.000    0.0358   370.527 1.209e-161
  jiggle   2.000    0.0360   567.422 3.729e-247
  jiggle   2.000    0.0360   266.579 1.684e-116
  jiggle   2.000    0.0360   357.434 5.864e-156
  jiggle   2.000    0.0360   364.450 5.263e-159
  jiggle   2.000    0.0361   362.746 2.892e-158
  jiggle   2.000    0.0363   282.502 2.046e-123
  jiggle   2.000    0.0363   289.543 1.791e-126
  jiggle   2.000    0.0365   339.431 3.863e-148
  jiggle   2.000    0.0368   553.416 4.515e-241
  jiggle   2.000    0.0368   387.202 6.925e-169
  jiggle   2.000    0.0369   410.542 5.056e-179
  jiggle   2.000    0.0369   424.925 2.868e-185
  jiggle   2.000    0.0372   445.171 4.622e-194
  jiggle   2.000    0.0377   680.416 3.156e-296
  jiggle   2.000    0.0378   250.304 1.969e-109
  jiggle   2.000    0.0381   521.769 2.504e-227
  jiggle   2.000    0.0382   367.144 3.560e-160
  jiggle   2.000    0.0382   570.479 1.754e-248
  jiggle   2.000    0.0384   451.735 6.513e-197
  jiggle   2.000    0.0387   368.785 6.897e-161
  jiggle   2.000    0.0389   420.765 1.836e-183
  jiggle   2.000    0.0401   861.100  0.000e+00
  jiggle   2.000    0.0401   422.194 4.402e-184
  jiggle   2.000    0.0407   361.193 1.367e-157
  jiggle   3.000    0.0488  1013.006  0.000e+00
  jiggle   3.000    0.0501  1955.929  0.000e+00
  jiggle   3.000    0.0512  2762.719  0.000e+00
  jiggle   3.000    0.0516   852.518  0.000e+00
  jiggle   3.000    0.0517  1375.966  0.000e+00
  jiggle   3.000    0.0518 11367.041  0.000e+00
  jiggle   3.000    0.0519  1321.117  0.000e+00
  jiggle   3.000    0.0525  1911.529  0.000e+00
  jiggle   3.000    0.0525  2462.326  0.000e+00
  jiggle   3.000    0.0527  3753.099  0.000e+00
  jiggle   3.000    0.0528  1254.754  0.000e+00
  jiggle   3.000    0.0529  1111.216  0.000e+00
  jiggle   3.000    0.0531  1456.448  0.000e+00
  jiggle   3.000    0.0534 12394.642  0.000e+00
  jiggle   3.000    0.0534  2788.164  0.000e+00
  jiggle   3.000    0.0536  1256.157  0.000e+00
  jiggle   3.000    0.0536  1505.722  0.000e+00
  jiggle   3.000    0.0538   776.233  0.000e+00
  jiggle   3.000    0.0539  1379.774  0.000e+00
  jiggle   3.000    0.0540  6099.299  0.000e+00
  jiggle   3.000    0.0542 17613.611  0.000e+00
  jiggle   3.000    0.0544  3096.775  0.000e+00
  jiggle   3.000    0.0546  1012.656  0.000e+00
  jiggle   3.000    0.0548   700.449 6.295e-305
  jiggle   3.000    0.0551  2901.658  0.000e+00
  jiggle   3.000    0.0551  2462.789  0.000e+00
  jiggle   3.000    0.0555  1076.438  0.000e+00
  jiggle   3.000    0.0555  1101.144  0.000e+00
  jiggle   3.000    0.0555  2780.121  0.000e+00
  jiggle   3.000    0.0557  2522.888  0.000e+00
  jiggle   3.000    0.0558  1154.903  0.000e+00
  jiggle   3.000    0.0558  2749.376  0.000e+00
  jiggle   3.000    0.0559  2322.171  0.000e+00
  jiggle   3.000    0.0561  1768.091  0.000e+00
  jiggle   3.000    0.0563  1066.728  0.000e+00
  jiggle   3.000    0.0567  1144.329  0.000e+00
  jiggle   3.000    0.0571  2460.008  0.000e+00
  jiggle   3.000    0.0571  2176.742  0.000e+00
  jiggle   3.000    0.0571  3275.417  0.000e+00
  jiggle   3.000    0.0592  6724.496  0.000e+00

  rotate   0.005    0.0030     2.919  5.398e-02
  rotate   0.005    0.0031     0.927  3.957e-01
  rotate   0.005    0.0031     2.293  1.010e-01
  rotate   0.005    0.0031     0.777  4.599e-01
  rotate   0.005    0.0031     0.426  6.531e-01
  rotate   0.005    0.0031    -0.388  1.000e+00
  rotate   0.005    0.0031     0.451  6.370e-01
  rotate   0.005    0.0031     1.215  2.966e-01
  rotate   0.005    0.0031    -0.376  1.000e+00
  rotate   0.005    0.0031     1.691  1.843e-01
  rotate   0.005    0.0031    -1.077  1.000e+00
  rotate   0.005    0.0031     0.100  9.046e-01
  rotate   0.005    0.0031    -1.315  1.000e+00
  rotate   0.005    0.0031     3.333  3.570e-02
  rotate   0.005    0.0031     2.142  1.174e-01
  rotate   0.005    0.0031     0.188  8.287e-01
  rotate   0.005    0.0031     3.470  3.111e-02
  rotate   0.005    0.0031    -1.516  1.000e+00
  rotate   0.005    0.0031     3.646  2.610e-02
  rotate   0.005    0.0031     3.458  3.150e-02
  rotate   0.005    0.0031     1.478  2.280e-01
  rotate   0.005    0.0031     1.341  2.617e-01
  rotate   0.005    0.0031    -3.671  1.000e+00
  rotate   0.005    0.0031     0.401  6.697e-01
  rotate   0.005    0.0031     0.313  7.311e-01
  rotate   0.005    0.0031    -1.165  1.000e+00
  rotate   0.005    0.0031     0.626  5.345e-01
  rotate   0.005    0.0032     0.952  3.859e-01
  rotate   0.005    0.0032    -0.388  1.000e+00
  rotate   0.005    0.0032    -1.428  1.000e+00
  rotate   0.005    0.0032     2.192  1.116e-01
  rotate   0.005    0.0032     0.764  4.657e-01
  rotate   0.005    0.0032     1.478  2.280e-01
  rotate   0.005    0.0032    -1.315  1.000e+00
  rotate   0.005    0.0032    -3.520  1.000e+00
  rotate   0.005    0.0032    -1.102  1.000e+00
  rotate   0.005    0.0032     0.338  7.130e-01
  rotate   0.005    0.0032     1.741  1.753e-01
  rotate   0.005    0.0032    -1.929  1.000e+00
  rotate   0.005    0.0032     0.852  4.266e-01
  rotate   0.010    0.0061    -1.942  1.000e+00
  rotate   0.010    0.0061     2.067  1.265e-01
  rotate   0.010    0.0061     0.464  6.290e-01
  rotate   0.010    0.0061     4.335  1.310e-02
  rotate   0.010    0.0062     6.953  9.555e-04
  rotate   0.010    0.0062     7.066  8.536e-04
  rotate   0.010    0.0062     1.315  2.683e-01
  rotate   0.010    0.0062     4.297  1.361e-02
  rotate   0.010    0.0062    -4.410  1.000e+00
  rotate   0.010    0.0062     1.691  1.843e-01
  rotate   0.010    0.0062     7.730  4.394e-04
  rotate   0.010    0.0062     4.673  9.343e-03
  rotate   0.010    0.0062    -1.090  1.000e+00
  rotate   0.010    0.0062     5.575  3.791e-03
  rotate   0.010    0.0062     1.178  3.080e-01
  rotate   0.010    0.0062     1.253  2.857e-01
  rotate   0.010    0.0062     6.164  2.104e-03
  rotate   0.010    0.0063     3.120  4.418e-02
  rotate   0.010    0.0063     5.989  2.507e-03
  rotate   0.010    0.0063     1.215  2.966e-01
  rotate   0.010    0.0063     7.580  5.107e-04
  rotate   0.010    0.0063     5.237  5.317e-03
  rotate   0.010    0.0063     3.333  3.570e-02
  rotate   0.010    0.0063     2.631  7.201e-02
  rotate   0.010    0.0063    -1.754  1.000e+00
  rotate   0.010    0.0063     5.989  2.507e-03
  rotate   0.010    0.0063     2.243  1.062e-01
  rotate   0.010    0.0063     0.050  9.511e-01
  rotate   0.010    0.0063     0.000  1.000e+00
  rotate   0.010    0.0063     6.565  1.409e-03
  rotate   0.010    0.0063    -0.426  1.000e+00
  rotate   0.010    0.0063     5.024  6.579e-03
  rotate   0.010    0.0063     7.016  8.975e-04
  rotate   0.010    0.0064     9.196  1.015e-04
  rotate   0.010    0.0064     0.814  4.429e-01
  rotate   0.010    0.0064    -0.864  1.000e+00
  rotate   0.010    0.0064    -2.380  1.000e+00
  rotate   0.010    0.0064     4.410  1.216e-02
  rotate   0.010    0.0064    -2.268  1.000e+00
  rotate   0.010    0.0064     2.055  1.281e-01
  rotate   0.020    0.0121    15.009  3.032e-07
  rotate   0.020    0.0122    14.671  4.252e-07
  rotate   0.020    0.0122    18.316  1.110e-08
  rotate   0.020    0.0122     9.597  6.795e-05
  rotate   0.020    0.0122     9.835  5.356e-05
  rotate   0.020    0.0122    14.408  5.532e-07
  rotate   0.020    0.0123     7.755  4.286e-04
  rotate   0.020    0.0123    10.724  2.200e-05
  rotate   0.020    0.0123     9.183  1.027e-04
  rotate   0.020    0.0123    16.049  1.072e-07
  rotate   0.020    0.0123     9.772  5.702e-05
  rotate   0.020    0.0124    13.982  8.469e-07
  rotate   0.020    0.0124    10.925  1.801e-05
  rotate   0.020    0.0124     5.212  5.452e-03
  rotate   0.020    0.0124    15.109  2.743e-07
  rotate   0.020    0.0124    18.129  1.339e-08
  rotate   0.020    0.0125    16.487  6.913e-08
  rotate   0.020    0.0125     8.256  2.596e-04
  rotate   0.020    0.0125     0.864  4.213e-01
  rotate   0.020    0.0125    18.504  9.197e-09
  rotate   0.020    0.0125    14.094  7.566e-07
  rotate   0.020    0.0125     6.840  1.070e-03
  rotate   0.020    0.0126    12.416  4.055e-06
  rotate   0.020    0.0126    21.073  7.051e-10
  rotate   0.020    0.0126    16.387  7.641e-08
  rotate   0.020    0.0126     0.727  4.835e-01
  rotate   0.020    0.0126    17.477  2.569e-08
  rotate   0.020    0.0126     8.419  2.206e-04
  rotate   0.020    0.0126     4.448  1.171e-02
  rotate   0.020    0.0126     9.584  6.881e-05
  rotate   0.020    0.0127     7.154  7.820e-04
  rotate   0.020    0.0127    17.189  3.427e-08
  rotate   0.020    0.0127     9.822  5.423e-05
  rotate   0.020    0.0127    19.983  2.097e-09
  rotate   0.020    0.0127    15.949  1.185e-07
  rotate   0.020    0.0127    13.781  1.035e-06
  rotate   0.020    0.0128    13.506  1.363e-06
  rotate   0.020    0.0128    17.590  2.295e-08
  rotate   0.020    0.0128    16.588  6.253e-08
  rotate   0.020    0.0128    16.938  4.403e-08
  rotate   0.030    0.0182    20.885  8.508e-10
  rotate   0.030    0.0183    34.979  6.438e-16
  rotate   0.030    0.0184    24.192  3.115e-11
  rotate   0.030    0.0184    40.579  2.380e-18
  rotate   0.030    0.0184    30.494  5.710e-14
  rotate   0.030    0.0184    25.996  5.128e-12
  rotate   0.030    0.0184    26.811  2.271e-12
  rotate   0.030    0.0185    27.224  1.502e-12
  rotate   0.030    0.0185    24.806  1.686e-11
  rotate   0.030    0.0186    17.978  1.557e-08
  rotate   0.030    0.0186    27.562  1.071e-12
  rotate   0.030    0.0187    17.302  3.062e-08
  rotate   0.030    0.0187    20.196  1.695e-09
  rotate   0.030    0.0187    28.615  3.739e-13
  rotate   0.030    0.0187    19.707  2.763e-09
  rotate   0.030    0.0187    36.708  1.143e-16
  rotate   0.030    0.0188    20.835  8.946e-10
  rotate   0.030    0.0188    12.679  3.117e-06
  rotate   0.030    0.0188    43.348  1.493e-19
  rotate   0.030    0.0189    45.052  2.717e-20
  rotate   0.030    0.0189    32.073  1.178e-14
  rotate   0.030    0.0189    39.314  8.436e-18
  rotate   0.030    0.0189    40.291  3.175e-18
  rotate   0.030    0.0189    15.322  2.216e-07
  rotate   0.030    0.0189    38.274  2.386e-17
  rotate   0.030    0.0190    12.466  3.857e-06
  rotate   0.030    0.0190    31.058  3.249e-14
  rotate   0.030    0.0190    33.939  1.821e-15
  rotate   0.030    0.0190    21.060  7.140e-10
  rotate   0.030    0.0191    15.272  2.330e-07
  rotate   0.030    0.0191    12.766  2.855e-06
  rotate   0.030    0.0191    28.151  5.944e-13
  rotate   0.030    0.0191    14.984  3.109e-07
  rotate   0.030    0.0191    12.190  5.080e-06
  rotate   0.030    0.0191    10.524  2.689e-05
  rotate   0.030    0.0192    18.918  6.083e-09
  rotate   0.030    0.0192    30.519  5.568e-14
  rotate   0.030    0.0192    18.379  1.042e-08
  rotate   0.030    0.0192    12.516  3.668e-06
  rotate   0.030    0.0193    14.445  5.328e-07
  rotate   0.050    0.0303    90.718  3.997e-40
  rotate   0.050    0.0304   121.087  2.587e-53
  rotate   0.050    0.0305    90.718  3.997e-40
  rotate   0.050    0.0306   101.016  1.346e-44
  rotate   0.050    0.0306    96.606  1.108e-42
  rotate   0.050    0.0307    75.947  1.039e-33
  rotate   0.050    0.0308    83.527  5.307e-37
  rotate   0.050    0.0309    97.546  4.329e-43
  rotate   0.050    0.0311    65.899  2.401e-29
  rotate   0.050    0.0312    81.021  6.502e-36
  rotate   0.050    0.0312    75.483  1.652e-33
  rotate   0.050    0.0312    95.266  4.233e-42
  rotate   0.050    0.0312    51.028  6.899e-23
  rotate   0.050    0.0312   146.457  2.481e-64
  rotate   0.050    0.0312    80.244  1.414e-35
  rotate   0.050    0.0313    58.858  2.743e-26
  rotate   0.050    0.0313   100.127  3.277e-44
  rotate   0.050    0.0313   111.565  3.531e-49
  rotate   0.050    0.0313    61.276  2.444e-27
  rotate   0.050    0.0313    88.500  3.671e-39
  rotate   0.050    0.0313   101.843  5.890e-45
  rotate   0.050    0.0314    93.625  2.185e-41
  rotate   0.050    0.0314   128.015  2.534e-56
  rotate   0.050    0.0314    75.847  1.149e-33
  rotate   0.050    0.0314   111.715  3.038e-49
  rotate   0.050    0.0315    87.035  1.590e-38
  rotate   0.050    0.0315    59.359  1.662e-26
  rotate   0.050    0.0315    68.756  1.380e-30
  rotate   0.050    0.0316   107.894  1.387e-47
  rotate   0.050    0.0316   134.379  4.363e-59
  rotate   0.050    0.0316    88.889  2.489e-39
  rotate   0.050    0.0317    48.998  5.251e-22
  rotate   0.050    0.0318    52.982  9.772e-24
  rotate   0.050    0.0319    49.374  3.606e-22
  rotate   0.050    0.0319    51.993  2.629e-23
  rotate   0.050    0.0319    66.989  8.072e-30
  rotate   0.050    0.0319    96.093  1.851e-42
  rotate   0.050    0.0320    88.338  4.320e-39
  rotate   0.050    0.0320    73.153  1.698e-32
  rotate   0.050    0.0321    78.365  9.258e-35
  rotate   0.080    0.0485   365.791 1.377e-159
  rotate   0.080    0.0485   477.531 4.081e-208
  rotate   0.080    0.0488   328.995 1.316e-143
  rotate   0.080    0.0490   375.087 1.264e-163
  rotate   0.080    0.0491   206.367  2.376e-90
  rotate   0.080    0.0492   644.848 8.834e-281
  rotate   0.080    0.0493   148.198  4.349e-65
  rotate   0.080    0.0493   224.571  2.951e-98
  rotate   0.080    0.0494   281.174 7.720e-123
  rotate   0.080    0.0495   183.177  2.800e-80
  rotate   0.080    0.0495   260.101 1.095e-113
  rotate   0.080    0.0496   303.462 1.615e-132
  rotate   0.080    0.0497   155.302  3.576e-68
  rotate   0.080    0.0497   377.580 1.045e-164
  rotate   0.080    0.0497   319.098 2.616e-139
  rotate   0.080    0.0498   207.219  1.014e-90
  rotate   0.080    0.0499   231.850 2.036e-101
  rotate   0.080    0.0501   248.400 1.322e-108
  rotate   0.080    0.0503   294.968 7.889e-129
  rotate   0.080    0.0504   125.271  3.939e-55
  rotate   0.080    0.0504   161.240  9.425e-71
  rotate   0.080    0.0504   245.067 3.703e-107
  rotate   0.080    0.0505   371.754 3.541e-162
  rotate   0.080    0.0505   300.769 2.387e-131
  rotate   0.080    0.0506   307.308 3.449e-134
  rotate   0.080    0.0506   131.661  6.615e-58
  rotate   0.080    0.0507   281.863 3.876e-123
  rotate   0.080    0.0507   366.292 8.345e-160
  rotate   0.080    0.0508   203.323  4.989e-89
  rotate   0.080    0.0508   151.694  1.319e-66
  rotate   0.080    0.0509   211.479  1.432e-92
  rotate   0.080    0.0509   146.306  2.884e-64
  rotate   0.080    0.0510   208.986  1.732e-91
  rotate   0.080    0.0510   240.908 2.371e-105
  rotate   0.080    0.0511   218.795  9.513e-96
  rotate   0.080    0.0511   218.520  1.253e-95
  rotate   0.080    0.0512   185.520  2.689e-81
  rotate   0.080    0.0512   208.723  2.254e-91
  rotate   0.080    0.0512   231.612 2.583e-101
  rotate   0.080    0.0513   223.844  6.104e-98
  rotate   0.120    0.0729  1754.924  0.000e+00
  rotate   0.120    0.0731  1561.774  0.000e+00
  rotate   0.120    0.0733   591.965 8.178e-258
  rotate   0.120    0.0733  1920.875  0.000e+00
  rotate   0.120    0.0737   628.523 1.086e-273
  rotate   0.120    0.0737  1848.974  0.000e+00
  rotate   0.120    0.0741  4720.377  0.000e+00
  rotate   0.120    0.0743  1328.007  0.000e+00
  rotate   0.120    0.0744  1058.309  0.000e+00
  rotate   0.120    0.0744   700.298 7.317e-305
  rotate   0.120    0.0745  2663.406  0.000e+00
  rotate   0.120    0.0748   804.697  0.000e+00
  rotate   0.120    0.0749  4614.286  0.000e+00
  rotate   0.120    0.0751   895.603  0.000e+00
  rotate   0.120    0.0752  3837.264  0.000e+00
  rotate   0.120    0.0752  1871.187  0.000e+00
  rotate   0.120    0.0752  1194.029  0.000e+00
  rotate   0.120    0.0753  1176.389  0.000e+00
  rotate   0.120    0.0753  3646.746  0.000e+00
  rotate   0.120    0.0754  1069.785  0.000e+00
  rotate   0.120    0.0754   738.735 1.482e-321
  rotate   0.120    0.0754   414.890 6.543e-181
  rotate   0.120    0.0754   699.647 1.404e-304
  rotate   0.120    0.0755  1237.189  0.000e+00
  rotate   0.120    0.0755   958.846  0.000e+00
  rotate   0.120    0.0756   621.432 1.304e-270
  rotate   0.120    0.0758   525.553 5.694e-229
  rotate   0.120    0.0758   866.650  0.000e+00
  rotate   0.120    0.0759   956.629  0.000e+00
  rotate   0.120    0.0759  1371.556  0.000e+00
  rotate   0.120    0.0759  1425.177  0.000e+00
  rotate   0.120    0.0761   729.339 1.787e-317
  rotate   0.120    0.0761  2248.316  0.000e+00
  rotate   0.120    0.0763   483.457 1.089e-210
  rotate   0.120    0.0766  1134.669  0.000e+00
  rotate   0.120    0.0766  1313.712  0.000e+00
  rotate   0.120    0.0768   523.348 5.164e-228
  rotate   0.120    0.0768   515.655 1.132e-224
  rotate   0.120    0.0768   679.902 5.275e-296
  rotate   0.120    0.0770   473.861 1.603e-206

 learned   0.050    0.0016     3.834  2.163e-02
 learned   0.050    0.0016     3.846  2.136e-02
 learned   0.050    0.0016     4.047  1.748e-02
 learned   0.050    0.0016     3.834  2.163e-02
 learned   0.050    0.0016     3.834  2.163e-02
 learned   0.050    0.0016     3.759  2.332e-02
 learned   0.050    0.0016     4.122  1.621e-02
 learned   0.050    0.0016     4.122  1.621e-02
 learned   0.050    0.0016     3.997  1.838e-02
 learned   0.050    0.0016     3.971  1.885e-02
 learned   0.050    0.0016     3.871  2.083e-02
 learned   0.050    0.0016     3.934  1.957e-02
 learned   0.050    0.0016     3.834  2.163e-02
 learned   0.050    0.0016     3.759  2.332e-02
 learned   0.050    0.0016     3.934  1.957e-02
 learned   0.050    0.0016     3.909  2.006e-02
 learned   0.050    0.0016     4.047  1.748e-02
 learned   0.050    0.0016     3.896  2.032e-02
 learned   0.050    0.0016     3.971  1.885e-02
 learned   0.050    0.0016     4.034  1.770e-02
 learned   0.050    0.0016     4.184  1.523e-02
 learned   0.050    0.0016     3.971  1.885e-02
 learned   0.050    0.0016     4.109  1.642e-02
 learned   0.050    0.0016     3.896  2.032e-02
 learned   0.050    0.0016     3.909  2.006e-02
 learned   0.050    0.0016     4.322  1.327e-02
 learned   0.050    0.0016     4.072  1.705e-02
 learned   0.050    0.0016     4.122  1.621e-02
 learned   0.050    0.0016     3.971  1.885e-02
 learned   0.050    0.0016     3.997  1.838e-02
 learned   0.050    0.0016     4.047  1.748e-02
 learned   0.050    0.0016     3.859  2.109e-02
 learned   0.050    0.0016     3.859  2.109e-02
 learned   0.050    0.0016     4.122  1.621e-02
 learned   0.050    0.0016     4.072  1.705e-02
 learned   0.050    0.0016     3.946  1.932e-02
 learned   0.050    0.0016     4.072  1.705e-02
 learned   0.050    0.0016     4.122  1.621e-02
 learned   0.050    0.0016     3.834  2.163e-02
 learned   0.050    0.0016     4.109  1.642e-02
 learned   0.100    0.0031    -0.175  1.000e+00
 learned   0.100    0.0031    -0.125  1.000e+00
 learned   0.100    0.0031     0.200  8.184e-01
 learned   0.100    0.0031     0.188  8.287e-01
 learned   0.100    0.0031    -0.388  1.000e+00
 learned   0.100    0.0031    -0.438  1.000e+00
 learned   0.100    0.0031     0.263  7.687e-01
 learned   0.100    0.0032     0.413  6.614e-01
 learned   0.100    0.0032    -0.150  1.000e+00
 learned   0.100    0.0032    -0.038  1.000e+00
 learned   0.100    0.0032    -0.038  1.000e+00
 learned   0.100    0.0032     0.276  7.591e-01
 learned   0.100    0.0032     0.125  8.822e-01
 learned   0.100    0.0032    -0.338  1.000e+00
 learned   0.100    0.0032     0.113  8.934e-01
 learned   0.100    0.0032    -0.451  1.000e+00
 learned   0.100    0.0032    -0.163  1.000e+00
 learned   0.100    0.0032     0.276  7.591e-01
 learned   0.100    0.0032     0.639  5.278e-01
 learned   0.100    0.0032    -0.338  1.000e+00
 learned   0.100    0.0032     0.489  6.135e-01
 learned   0.100    0.0032    -0.175  1.000e+00
 learned   0.100    0.0032     0.088  9.160e-01
 learned   0.100    0.0032     0.188  8.287e-01
 learned   0.100    0.0032     0.125  8.822e-01
 learned   0.100    0.0032     0.088  9.160e-01
 learned   0.100    0.0032     0.263  7.687e-01
 learned   0.100    0.0032     0.013  9.875e-01
 learned   0.100    0.0032     0.200  8.184e-01
 learned   0.100    0.0032    -0.163  1.000e+00
 learned   0.100    0.0032     0.188  8.287e-01
 learned   0.100    0.0032     0.251  7.784e-01
 learned   0.100    0.0032     0.438  6.450e-01
 learned   0.100    0.0032     0.188  8.287e-01
 learned   0.100    0.0032     0.326  7.220e-01
 learned   0.100    0.0032     0.388  6.782e-01
 learned   0.100    0.0032    -0.113  1.000e+00
 learned   0.100    0.0032     0.727  4.835e-01
 learned   0.100    0.0032     0.338  7.130e-01
 learned   0.100    0.0032     0.539  5.835e-01
 learned   0.200    0.0064    -1.528  1.000e+00
 learned   0.200    0.0064    -2.105  1.000e+00
 learned   0.200    0.0064    -1.779  1.000e+00
 learned   0.200    0.0064    -2.706  1.000e+00
 learned   0.200    0.0064    -1.641  1.000e+00
 learned   0.200    0.0064    -2.330  1.000e+00
 learned   0.200    0.0064    -2.518  1.000e+00
 learned   0.200    0.0064    -3.157  1.000e+00
 learned   0.200    0.0064    -1.366  1.000e+00
 learned   0.200    0.0064    -2.506  1.000e+00
 learned   0.200    0.0064    -2.255  1.000e+00
 learned   0.200    0.0064    -1.554  1.000e+00
 learned   0.200    0.0064    -2.330  1.000e+00
 learned   0.200    0.0064    -2.894  1.000e+00
 learned   0.200    0.0064    -2.005  1.000e+00
 learned   0.200    0.0064    -1.541  1.000e+00
 learned   0.200    0.0064    -2.005  1.000e+00
 learned   0.200    0.0064    -2.982  1.000e+00
 learned   0.200    0.0064    -2.293  1.000e+00
 learned   0.200    0.0064    -1.516  1.000e+00
 learned   0.200    0.0064    -1.453  1.000e+00
 learned   0.200    0.0064    -2.393  1.000e+00
 learned   0.200    0.0064    -1.140  1.000e+00
 learned   0.200    0.0064    -3.032  1.000e+00
 learned   0.200    0.0064    -2.192  1.000e+00
 learned   0.200    0.0064    -1.954  1.000e+00
 learned   0.200    0.0064    -1.929  1.000e+00
 learned   0.200    0.0065    -2.431  1.000e+00
 learned   0.200    0.0065    -2.556  1.000e+00
 learned   0.200    0.0065    -2.280  1.000e+00
 learned   0.200    0.0065    -2.218  1.000e+00
 learned   0.200    0.0065    -2.142  1.000e+00
 learned   0.200    0.0065    -1.842  1.000e+00
 learned   0.200    0.0065    -2.368  1.000e+00
 learned   0.200    0.0065    -2.719  1.000e+00
 learned   0.200    0.0065    -2.343  1.000e+00
 learned   0.200    0.0065    -2.631  1.000e+00
 learned   0.200    0.0065    -1.491  1.000e+00
 learned   0.200    0.0065    -2.581  1.000e+00
 learned   0.200    0.0065    -1.654  1.000e+00
 learned   0.350    0.0113     2.581  7.571e-02
 learned   0.350    0.0114     1.629  1.962e-01
 learned   0.350    0.0114     1.666  1.889e-01
 learned   0.350    0.0114     2.130  1.189e-01
 learned   0.350    0.0115     3.057  4.703e-02
 learned   0.350    0.0115     3.646  2.610e-02
 learned   0.350    0.0115    -0.088  1.000e+00
 learned   0.350    0.0115     0.589  5.550e-01
 learned   0.350    0.0115     0.313  7.311e-01
 learned   0.350    0.0115     2.456  8.582e-02
 learned   0.350    0.0115     3.307  3.661e-02
 learned   0.350    0.0115     1.503  2.224e-01
 learned   0.350    0.0115     3.896  2.032e-02
 learned   0.350    0.0115     1.566  2.089e-01
 learned   0.350    0.0116     2.218  1.089e-01
 learned   0.350    0.0116     3.157  4.255e-02
 learned   0.350    0.0116     2.142  1.174e-01
 learned   0.350    0.0116     2.431  8.799e-02
 learned   0.350    0.0116     0.038  9.631e-01
 learned   0.350    0.0116     1.466  2.309e-01
 learned   0.350    0.0116     3.107  4.473e-02
 learned   0.350    0.0116     0.677  5.084e-01
 learned   0.350    0.0116     1.867  1.546e-01
 learned   0.350    0.0116     3.107  4.473e-02
 learned   0.350    0.0116     1.679  1.866e-01
 learned   0.350    0.0116     1.416  2.428e-01
 learned   0.350    0.0116     2.618  7.292e-02
 learned   0.350    0.0116     2.180  1.130e-01
 learned   0.350    0.0116     1.265  2.821e-01
 learned   0.350    0.0117     1.904  1.489e-01
 learned   0.350    0.0117     1.792  1.667e-01
 learned   0.350    0.0117     2.506  8.162e-02
 learned   0.350    0.0117     2.418  8.910e-02
 learned   0.350    0.0117     1.528  2.169e-01
 learned   0.350    0.0117     1.503  2.224e-01
 learned   0.350    0.0117     1.115  3.279e-01
 learned   0.350    0.0117     0.764  4.657e-01
 learned   0.350    0.0118     3.057  4.703e-02
 learned   0.350    0.0119     3.082  4.587e-02
 learned   0.350    0.0119     2.092  1.234e-01
 learned   0.500    0.0164    17.289  3.100e-08
 learned   0.500    0.0165    18.028  1.480e-08
 learned   0.500    0.0165    15.936  1.200e-07
 learned   0.500    0.0166    16.901  4.572e-08
 learned   0.500    0.0166    16.162  9.574e-08
 learned   0.500    0.0166    17.414  2.735e-08
 learned   0.500    0.0166    16.951  4.348e-08
 learned   0.500    0.0166    17.176  3.470e-08
 learned   0.500    0.0166    18.191  1.258e-08
 learned   0.500    0.0167    18.592  8.425e-09
 learned   0.500    0.0167    18.893  6.237e-09
 learned   0.500    0.0167    19.995  2.071e-09
 learned   0.500    0.0168    17.389  2.805e-08
 learned   0.500    0.0168    18.091  1.391e-08
 learned   0.500    0.0168    16.525  6.658e-08
 learned   0.500    0.0168    18.091  1.391e-08
 learned   0.500    0.0168    19.482  3.461e-09
 learned   0.500    0.0169    19.394  3.779e-09
 learned   0.500    0.0169    17.101  3.741e-08
 learned   0.500    0.0169    16.738  5.380e-08
 learned   0.500    0.0169    19.043  5.366e-09
 learned   0.500    0.0170    18.517  9.082e-09
 learned   0.500    0.0170    18.968  5.785e-09
 learned   0.500    0.0170    17.001  4.136e-08
 learned   0.500    0.0170    17.352  2.912e-08
 learned   0.500    0.0170    20.058  1.945e-09
 learned   0.500    0.0170    16.663  5.801e-08
 learned   0.500    0.0170    15.535  1.791e-07
 learned   0.500    0.0171    21.298  5.627e-10
 learned   0.500    0.0171    18.191  1.258e-08
 learned   0.500    0.0172    17.264  3.179e-08
 learned   0.500    0.0172    18.154  1.306e-08
 learned   0.500    0.0172    18.078  1.408e-08
 learned   0.500    0.0172    18.179  1.274e-08
 learned   0.500    0.0173    18.354  1.069e-08
 learned   0.500    0.0174    18.166  1.290e-08
 learned   0.500    0.0174    19.594  3.092e-09
 learned   0.500    0.0174    17.652  2.156e-08
 learned   0.500    0.0174    20.647  1.080e-09
 learned   0.500    0.0176    18.843  6.557e-09
 learned   0.750    0.0246    63.594  2.407e-28
 learned   0.750    0.0247    61.978  1.212e-27
 learned   0.750    0.0247    64.133  1.404e-28
 learned   0.750    0.0251    64.596  8.835e-29
 learned   0.750    0.0251    65.912  2.371e-29
 learned   0.750    0.0252    67.766  3.712e-30
 learned   0.750    0.0252    65.849  2.524e-29
 learned   0.750    0.0252    67.315  5.828e-30
 learned   0.750    0.0253    67.578  4.480e-30
 learned   0.750    0.0253    67.566  4.536e-30
 learned   0.750    0.0253    70.998  1.465e-31
 learned   0.750    0.0253    67.102  7.211e-30
 learned   0.750    0.0254    65.548  3.409e-29
 learned   0.750    0.0254    71.975  5.514e-32
 learned   0.750    0.0254    71.499  8.876e-32
 learned   0.750    0.0255    66.776  9.988e-30
 learned   0.750    0.0257    72.527  3.177e-32
 learned   0.750    0.0258    69.520  6.425e-31
 learned   0.750    0.0258    72.727  2.600e-32
 learned   0.750    0.0258    66.250  1.690e-29
 learned   0.750    0.0259    69.232  8.571e-31
 learned   0.750    0.0259    71.950  5.654e-32
 learned   0.750    0.0261    72.827  2.352e-32
 learned   0.750    0.0262    71.524  8.656e-32
 learned   0.750    0.0262    67.566  4.536e-30
 learned   0.750    0.0264    72.376  3.693e-32
 learned   0.750    0.0265    76.498  5.987e-34
 learned   0.750    0.0266    67.603  4.369e-30
 learned   0.750    0.0268    74.544  4.227e-33
 learned   0.750    0.0268    69.683  5.459e-31
 learned   0.750    0.0268    67.515  4.769e-30
 learned   0.750    0.0269    73.942  7.713e-33
 learned   0.750    0.0270    69.871  4.524e-31
 learned   0.750    0.0270    75.283  2.018e-33
 learned   0.750    0.0271    72.339  3.834e-32
 learned   0.750    0.0271    76.461  6.217e-34
 learned   0.750    0.0271    74.268  5.569e-33
 learned   0.750    0.0273    76.974  3.719e-34
 learned   0.750    0.0275    72.665  2.768e-32
 learned   0.750    0.0279    77.488  2.225e-34
 learned   1.000    0.0323   129.067  8.847e-57
 learned   1.000    0.0324   127.426  4.566e-56
 learned   1.000    0.0325   131.736  6.136e-58
 learned   1.000    0.0330   131.210  1.038e-57
 learned   1.000    0.0332   135.908  9.463e-60
 learned   1.000    0.0332   134.154  5.467e-59
 learned   1.000    0.0332   127.226  5.580e-56
 learned   1.000    0.0332   141.771  2.689e-62
 learned   1.000    0.0334   141.846  2.494e-62
 learned   1.000    0.0334   133.540  1.010e-58
 learned   1.000    0.0335   129.781  4.332e-57
 learned   1.000    0.0335   135.018  2.303e-59
 learned   1.000    0.0335   136.196  7.094e-60
 learned   1.000    0.0336   138.088  1.070e-60
 learned   1.000    0.0336   138.489  7.164e-61
 learned   1.000    0.0337   142.372  1.474e-62
 learned   1.000    0.0337   145.717  5.196e-64
 learned   1.000    0.0338   144.314  2.114e-63
 learned   1.000    0.0339   145.066  9.969e-64
 learned   1.000    0.0341   148.837  2.296e-65
 learned   1.000    0.0341   148.862  2.239e-65
 learned   1.000    0.0343   144.728  1.398e-63
 learned   1.000    0.0343   144.853  1.233e-63
 learned   1.000    0.0343   138.263  8.976e-61
 learned   1.000    0.0344   151.242  2.071e-66
 learned   1.000    0.0346   136.747  4.088e-60
 learned   1.000    0.0346   138.877  4.858e-61
 learned   1.000    0.0347   150.716  3.505e-66
 learned   1.000    0.0348   129.355  6.632e-57
 learned   1.000    0.0348   155.540  2.818e-68
 learned   1.000    0.0349   146.933  1.541e-64
 learned   1.000    0.0349   151.618  1.422e-66
 learned   1.000    0.0349   157.895  2.673e-69
 learned   1.000    0.0350   145.079  9.845e-64
 learned   1.000    0.0352   138.188  9.677e-61
 learned   1.000    0.0352   145.880  4.415e-64
 learned   1.000    0.0362   147.321  1.045e-64
 learned   1.000    0.0363   141.746  2.757e-62
 learned   1.000    0.0365   140.907  6.383e-62
 learned   1.000    0.0373   158.033  2.329e-69

radius 1.14  waters 195
    move    step    RMS nm     dU/kT     accept
  jiggle   0.250    0.0043    18.968  5.785e-09
  jiggle   0.250    0.0044    16.863  4.747e-08
  jiggle   0.250    0.0044    22.576  1.568e-10
  jiggle   0.250    0.0044     7.918  3.642e-04
  jiggle   0.250    0.0044    11.050  1.589e-05
  jiggle   0.250    0.0044    20.258  1.592e-09
  jiggle   0.250    0.0044    13.105  2.036e-06
  jiggle   0.250    0.0045    17.665  2.129e-08
  jiggle   0.250    0.0045    23.603  5.612e-11
  jiggle   0.250    0.0045    14.621  4.470e-07
  jiggle   0.250    0.0045    15.924  1.215e-07
  jiggle   0.250    0.0045     8.106  3.018e-04
  jiggle   0.250    0.0045    24.192  3.115e-11
  jiggle   0.250    0.0045    28.840  2.984e-13
  jiggle   0.250    0.0045    17.803  1.855e-08
  jiggle   0.250    0.0045     7.680  4.620e-04
  jiggle   0.250    0.0045    13.593  1.249e-06
  jiggle   0.250    0.0045    17.264  3.179e-08
  jiggle   0.250    0.0045    16.901  4.572e-08
  jiggle   0.250    0.0046    17.978  1.557e-08
  jiggle   0.250    0.0046    24.042  3.620e-11
  jiggle   0.250    0.0046    19.106  5.040e-09
  jiggle   0.250    0.0046    13.944  8.794e-07
  jiggle   0.250    0.0046    23.766  4.769e-11
  jiggle   0.250    0.0046    12.804  2.750e-06
  jiggle   0.250    0.0046     5.300  4.994e-03
  jiggle   0.250    0.0046    22.927  1.104e-10
  jiggle   0.250    0.0046    18.367  1.056e-08
  jiggle   0.250    0.0046    14.533  4.880e-07
  jiggle   0.250    0.0047    14.984  3.109e-07
  jiggle   0.250    0.0047    23.892  4.207e-11
  jiggle   0.250    0.0047    13.656  1.173e-06
  jiggle   0.250    0.0047    16.613  6.099e-08
  jiggle   0.250    0.0047    22.275  2.118e-10
  jiggle   0.250    0.0047    15.773  1.412e-07
  jiggle   0.250    0.0047    23.616  5.543e-11
  jiggle   0.250    0.0047    11.388  1.133e-05
  jiggle   0.250    0.0048    23.854  4.368e-11
  jiggle   0.250    0.0048    19.457  3.549e-09
  jiggle   0.250    0.0048    16.951  4.348e-08
  jiggle   0.500    0.0086    49.374  3.606e-22
  jiggle   0.500    0.0086    66.576  1.220e-29
  jiggle   0.500    0.0086    71.362  1.019e-31
  jiggle   0.500    0.0088    64.521  9.524e-29
  jiggle   0.500    0.0088    72.890  2.209e-32
  jiggle   0.500    0.0089    58.545  3.751e-26
  jiggle   0.500    0.0089    93.938  1.597e-41
  jiggle   0.500    0.0089    60.988  3.260e-27
  jiggle   0.500    0.0089    82.111  2.186e-36
  jiggle   0.500    0.0089    82.750  1.154e-36
  jiggle   0.500    0.0089    56.566  2.716e-25
  jiggle   0.500    0.0089    55.764  6.055e-25
  jiggle   0.500    0.0090    58.332  4.642e-26
  jiggle   0.500    0.0090    81.334  4.754e-36
  jiggle   0.500    0.0090    75.308  1.969e-33
  jiggle   0.500    0.0090    67.678  4.052e-30
  jiggle   0.500    0.0090    82.549  1.410e-36
  jiggle   0.500    0.0090    68.630  1.564e-30
  jiggle   0.500    0.0091    78.440  8.588e-35
  jiggle   0.500    0.0091    57.731  8.470e-26
  jiggle   0.500    0.0091    69.808  4.817e-31
  jiggle   0.500    0.0091    74.318  5.296e-33
  jiggle   0.500    0.0091    61.953  1.242e-27
  jiggle   0.500    0.0092    40.755  1.997e-18
  jiggle   0.500    0.0092    68.731  1.415e-30
  jiggle   0.500    0.0093    60.161  7.453e-27
  jiggle   0.500    0.0093    53.095  8.730e-24
  jiggle   0.500    0.0093    92.084  1.020e-40
  jiggle   0.500    0.0094    52.143  2.262e-23
  jiggle   0.500    0.0094    90.204  6.680e-40
  jiggle   0.500    0.0094    79.430  3.192e-35
  jiggle   0.500    0.0094    93.061  3.839e-41
  jiggle   0.500    0.0094    53.822  4.221e-24
  jiggle   0.500    0.0094    57.818  7.758e-26
  jiggle   0.500    0.0095    88.200  4.958e-39
  jiggle   0.500    0.0095    73.942  7.713e-33
  jiggle   0.500    0.0095    38.850  1.341e-17
  jiggle   0.500    0.0095    87.010  1.630e-38
  jiggle   0.500    0.0096    75.120  2.375e-33
  jiggle   0.500    0.0097    55.739  6.208e-25
  jiggle   0.750    0.0129   132.187  3.908e-58
  jiggle   0.750    0.0130   165.224  1.754e-72
  jiggle   0.750    0.0131   124.219  1.128e-54
  jiggle   0.750    0.0132   160.476  2.024e-70
  jiggle   0.750    0.0133   137.912  1.275e-60
  jiggle   0.750    0.0133   140.067  1.478e-61
  jiggle   0.750    0.0133   180.446  4.298e-79
  jiggle   0.750    0.0133   114.447  1.979e-50
  jiggle   0.750    0.0133   139.403  2.871e-61
  jiggle   0.750    0.0133   170.423  9.684e-75
  jiggle   0.750    0.0133   179.093  1.663e-78
  jiggle   0.750    0.0134   156.504  1.074e-68
  jiggle   0.750    0.0134   168.544  6.342e-74
  jiggle   0.750    0.0134   177.063  1.266e-77
  jiggle   0.750    0.0134   155.452  3.076e-68
  jiggle   0.750    0.0134   146.532  2.302e-64
  jiggle   0.750    0.0135   143.688  3.955e-63
  jiggle   0.750    0.0135   124.206  1.143e-54
  jiggle   0.750    0.0136   175.397  6.698e-77
  jiggle   0.750    0.0136   167.805  1.328e-73
  jiggle   0.750    0.0136   149.927  7.718e-66
  jiggle   0.750    0.0136   121.300  2.090e-53
  jiggle   0.750    0.0136   151.806  1.179e-66
  jiggle   0.750    0.0136   165.425  1.436e-72
  jiggle   0.750    0.0136   161.416  7.909e-71
  jiggle   0.750    0.0136   161.754  5.639e-71
  jiggle   0.750    0.0138   145.968  4.045e-64
  jiggle   0.750    0.0138   143.575  4.427e-63
  jiggle   0.750    0.0138   204.363  1.763e-89
  jiggle   0.750    0.0139   196.558  4.326e-86
  jiggle   0.750    0.0139   156.116  1.584e-68
  jiggle   0.750    0.0139   163.533  9.519e-72
  jiggle   0.750    0.0139   137.574  1.788e-60
  jiggle   0.750    0.0139   172.691  1.003e-75
  jiggle   0.750    0.0139   157.281  4.939e-69
  jiggle   0.750    0.0140   168.782  4.998e-74
  jiggle   0.750    0.0140   158.070  2.243e-69
  jiggle   0.750    0.0141   141.658  3.010e-62
  jiggle   0.750    0.0142   149.501  1.182e-65
  jiggle   0.750    0.0146   189.078  7.663e-83
  jiggle   1.000    0.0171   302.234 5.511e-132
  jiggle   1.000    0.0175   247.911 2.155e-108
  jiggle   1.000    0.0175   235.759 4.085e-103
  jiggle   1.000    0.0175   262.156 1.403e-114
  jiggle   1.000    0.0176   319.774 1.330e-139
  jiggle   1.000    0.0177   284.219 3.676e-124
  jiggle   1.000    0.0177   257.057 2.299e-112
  jiggle   1.000    0.0177   352.536 7.864e-154
  jiggle   1.000    0.0178   291.899 1.699e-127
  jiggle   1.000    0.0178   291.498 2.536e-127
  jiggle   1.000    0.0179   314.224 3.422e-137
  jiggle   1.000    0.0180   285.058 1.588e-124
  jiggle   1.000    0.0180   264.136 1.938e-115
  jiggle   1.000    0.0181   450.232 2.929e-196
  jiggle   1.000    0.0182   278.142 1.601e-121
  jiggle   1.000    0.0182   315.389 1.067e-137
  jiggle   1.000    0.0183   316.492 3.543e-138
  jiggle   1.000    0.0183   319.085 2.649e-139
  jiggle   1.000    0.0184   297.173 8.698e-130
  jiggle   1.000    0.0184   338.905 6.538e-148
  jiggle   1.000    0.0184   344.154 3.433e-150
  jiggle   1.000    0.0184   292.049 1.462e-127
  jiggle   1.000    0.0185   240.344 4.167e-105
  jiggle   1.000    0.0185   287.050 2.167e-125
  jiggle   1.000    0.0185   283.379 8.511e-124
  jiggle   1.000    0.0185   263.985 2.252e-115
  jiggle   1.000    0.0185   307.546 2.718e-134
  jiggle   1.000    0.0186   313.861 4.921e-137
  jiggle   1.000    0.0186   209.462  1.076e-91
  jiggle   1.000    0.0186   313.472 7.256e-137
  jiggle   1.000    0.0186   302.347 4.924e-132
  jiggle   1.000    0.0187   357.635 4.799e-156
  jiggle   1.000    0.0187   364.438 5.330e-159
  jiggle   1.000    0.0188   296.684 1.418e-129
  jiggle   1.000    0.0189   341.974 3.037e-149
  jiggle   1.000    0.0190   274.923 4.005e-120
  jiggle   1.000    0.0192   368.447 9.673e-161
  jiggle   1.000    0.0193   306.607 6.956e-134
  jiggle   1.000    0.0194   393.015 2.069e-171
  jiggle   1.000    0.0197   345.482 9.098e-151
  jiggle   1.500    0.0260   624.564 5.691e-272
  jiggle   1.500    0.0261   614.429 1.435e-267
  jiggle   1.500    0.0262   910.637  0.000e+00
  jiggle   1.500    0.0263   656.299 9.400e-286
  jiggle   1.500    0.0263   680.892 1.961e-296
  jiggle   1.500    0.0264   723.300 7.492e-315
  jiggle   1.500    0.0268   896.681  0.000e+00
  jiggle   1.500    0.0268   679.150 1.119e-295
  jiggle   1.500    0.0268   682.633 3.437e-297
  jiggle   1.500    0.0269   927.112  0.000e+00
  jiggle   1.500    0.0269   698.933 2.867e-304
  jiggle   1.500    0.0269   615.419 5.335e-268
  jiggle   1.500    0.0270   725.819 6.039e-316
  jiggle   1.500    0.0270   792.520  0.000e+00
  jiggle   1.500    0.0270   716.585 6.180e-312
  jiggle   1.500    0.0270   887.898  0.000e+00
  jiggle   1.500    0.0270   821.347  0.000e+00
  jiggle   1.500    0.0270   743.033 1.976e-323
  jiggle   1.500    0.0271   881.120  0.000e+00
  jiggle   1.500    0.0272   739.562 6.472e-322
  jiggle   1.500    0.0272   750.124  0.000e+00
  jiggle   1.500    0.0272   937.435  0.000e+00
  jiggle   1.500    0.0273   710.221 3.589e-309
  jiggle   1.500    0.0273   799.022  0.000e+00
  jiggle   1.500    0.0275   841.844  0.000e+00
  jiggle   1.500    0.0275   812.841  0.000e+00
  jiggle   1.500    0.0276   749.848  0.000e+00
  jiggle   1.500    0.0276   861.814  0.000e+00
  jiggle   1.500    0.0276   888.813  0.000e+00
  jiggle   1.500    0.0277   765.659  0.000e+00
  jiggle   1.500    0.0278   739.487 7.016e-322
  jiggle   1.500    0.0279   869.294  0.000e+00
  jiggle   1.500    0.0279   932.499  0.000e+00
  jiggle   1.500    0.0279  2071.566  0.000e+00
  jiggle   1.500    0.0280   840.867  0.000e+00
  jiggle   1.500    0.0281  1041.646  0.000e+00
  jiggle   1.500    0.0281   773.376  0.000e+00
  jiggle   1.500    0.0282   648.907 1.525e-282
  jiggle   1.500    0.0285   787.082  0.000e+00
  jiggle   1.500    0.0286   638.158 7.107e-278
  jiggle   2.000    0.0339  1265.177  0.000e+00
  jiggle   2.000    0.0342  1706.201  0.000e+00
  jiggle   2.000    0.0343  1752.957  0.000e+00
  jiggle   2.000    0.0343  1012.330  0.000e+00
  jiggle   2.000    0.0346  1177.917  0.000e+00
  jiggle   2.000    0.0350  1517.787  0.000e+00
  jiggle   2.000    0.0351  1164.537  0.000e+00
  jiggle   2.000    0.0352  1906.480  0.000e+00
  jiggle   2.000    0.0353  1608.931  0.000e+00
  jiggle   2.000    0.0354  1221.441  0.000e+00
  jiggle   2.000    0.0355  1272.807  0.000e+00
  jiggle   2.000    0.0356  1729.755  0.000e+00
  jiggle   2.000    0.0356  1790.241  0.000e+00
  jiggle   2.000    0.0357  1806.340  0.000e+00
  jiggle   2.000    0.0357  1454.556  0.000e+00
  jiggle   2.000    0.0358  1173.733  0.000e+00
  jiggle   2.000    0.0358  2694.527  0.000e+00
  jiggle   2.000    0.0358  1508.403  0.000e+00
  jiggle   2.000    0.0358  2471.384  0.000e+00
  jiggle   2.000    0.0359  1379.323  0.000e+00
  jiggle   2.000    0.0360  1287.829  0.000e+00
  jiggle   2.000    0.0360  1578.750  0.000e+00
  jiggle   2.000    0.0361  2813.045  0.000e+00
  jiggle   2.000    0.0361  2559.521  0.000e+00
  jiggle   2.000    0.0363  3764.274  0.000e+00
  jiggle   2.000    0.0364  1543.758  0.000e+00
  jiggle   2.000    0.0365  1600.474  0.000e+00
  jiggle   2.000    0.0365  1345.334  0.000e+00
  jiggle   2.000    0.0366  1301.372  0.000e+00
  jiggle   2.000    0.0367  1826.937  0.000e+00
  jiggle   2.000    0.0367  1688.273  0.000e+00
  jiggle   2.000    0.0367  1781.572  0.000e+00
  jiggle   2.000    0.0369  2016.015  0.000e+00
  jiggle   2.000    0.0369  1740.191  0.000e+00
  jiggle   2.000    0.0369  1549.308  0.000e+00
  jiggle   2.000    0.0371  2645.566  0.000e+00
  jiggle   2.000    0.0371  2303.692  0.000e+00
  jiggle   2.000    0.0376  1372.395  0.000e+00
  jiggle   2.000    0.0378  1078.755  0.000e+00
  jiggle   2.000    0.0386  2985.060  0.000e+00
  jiggle   3.000    0.0502  3567.428  0.000e+00
  jiggle   3.000    0.0514  3366.135  0.000e+00
  jiggle   3.000    0.0522  9332.533  0.000e+00
  jiggle   3.000    0.0529  5311.503  0.000e+00
  jiggle   3.000    0.0530  7949.019  0.000e+00
  jiggle   3.000    0.0532 21583.883  0.000e+00
  jiggle   3.000    0.0534  9651.593  0.000e+00
  jiggle   3.000    0.0535  8616.487  0.000e+00
  jiggle   3.000    0.0537  5097.543  0.000e+00
  jiggle   3.000    0.0539  5882.721  0.000e+00
  jiggle   3.000    0.0540  6223.105  0.000e+00
  jiggle   3.000    0.0544 10293.672  0.000e+00
  jiggle   3.000    0.0544  5543.879  0.000e+00
  jiggle   3.000    0.0544  9336.542  0.000e+00
  jiggle   3.000    0.0544  8065.358  0.000e+00
  jiggle   3.000    0.0545  6102.156  0.000e+00
  jiggle   3.000    0.0546  3846.460  0.000e+00
  jiggle   3.000    0.0548  9848.377  0.000e+00
  jiggle   3.000    0.0549 13884.598  0.000e+00
  jiggle   3.000    0.0549 22077.356  0.000e+00
  jiggle   3.000    0.0550  7289.256  0.000e+00
  jiggle   3.000    0.0550  9457.103  0.000e+00
  jiggle   3.000    0.0550  6574.500  0.000e+00
  jiggle   3.000    0.0551 20922.710  0.000e+00
  jiggle   3.000    0.0552  8056.419  0.000e+00
  jiggle   3.000    0.0552  6124.506  0.000e+00
  jiggle   3.000    0.0553  8006.424  0.000e+00
  jiggle   3.000    0.0553  7691.286  0.000e+00
  jiggle   3.000    0.0556 13183.924  0.000e+00
  jiggle   3.000    0.0556  5142.508  0.000e+00
  jiggle   3.000    0.0556  7714.451  0.000e+00
  jiggle   3.000    0.0557 12097.964  0.000e+00
  jiggle   3.000    0.0557  9150.183  0.000e+00
  jiggle   3.000    0.0557 18628.064  0.000e+00
  jiggle   3.000    0.0559  4974.653  0.000e+00
  jiggle   3.000    0.0560  5723.599  0.000e+00
  jiggle   3.000    0.0563  7702.210  0.000e+00
  jiggle   3.000    0.0565 19189.160  0.000e+00
  jiggle   3.000    0.0566  4615.827  0.000e+00
  jiggle   3.000    0.0578  7448.530  0.000e+00

  rotate   0.005    0.0031     4.385  1.246e-02
  rotate   0.005    0.0031     2.593  7.477e-02
  rotate   0.005    0.0031     6.126  2.184e-03
  rotate   0.005    0.0031    -4.285  1.000e+00
  rotate   0.005    0.0031     5.124  5.952e-03
  rotate   0.005    0.0031     2.243  1.062e-01
  rotate   0.005    0.0031     3.445  3.190e-02
  rotate   0.005    0.0031     2.117  1.204e-01
  rotate   0.005    0.0032     3.282  3.754e-02
  rotate   0.005    0.0032     0.777  4.599e-01
  rotate   0.005    0.0032     3.683  2.514e-02
  rotate   0.005    0.0032     2.506  8.162e-02
  rotate   0.005    0.0032     2.105  1.219e-01
  rotate   0.005    0.0032     0.526  5.909e-01
  rotate   0.005    0.0032     3.420  3.270e-02
  rotate   0.005    0.0032    -0.651  1.000e+00
  rotate   0.005    0.0032     2.305  9.974e-02
  rotate   0.005    0.0032    -0.965  1.000e+00
  rotate   0.005    0.0032     4.272  1.395e-02
  rotate   0.005    0.0032    -2.456  1.000e+00
  rotate   0.005    0.0032    -2.368  1.000e+00
  rotate   0.005    0.0032     3.358  3.482e-02
  rotate   0.005    0.0032     5.751  3.181e-03
  rotate   0.005    0.0032    -0.539  1.000e+00
  rotate   0.005    0.0032     3.282  3.754e-02
  rotate   0.005    0.0032     4.686  9.227e-03
  rotate   0.005    0.0032     2.005  1.347e-01
  rotate   0.005    0.0032    -1.842  1.000e+00
  rotate   0.005    0.0032     4.385  1.246e-02
  rotate   0.005    0.0032     4.598  1.007e-02
  rotate   0.005    0.0032     6.252  1.927e-03
  rotate   0.005    0.0032    -2.393  1.000e+00
  rotate   0.005    0.0032     1.854  1.566e-01
  rotate   0.005    0.0032     6.978  9.319e-04
  rotate   0.005    0.0032     2.506  8.162e-02
  rotate   0.005    0.0032     1.754  1.731e-01
  rotate   0.005    0.0032     4.686  9.227e-03
  rotate   0.005    0.0032     3.245  3.897e-02
  rotate   0.005    0.0032     3.069  4.645e-02
  rotate   0.005    0.0033     5.462  4.243e-03
  rotate   0.010    0.0063    16.913  4.515e-08
  rotate   0.010    0.0063    13.017  2.222e-06
  rotate   0.010    0.0063    11.100  1.511e-05
  rotate   0.010    0.0063     2.631  7.201e-02
  rotate   0.010    0.0063    12.741  2.928e-06
  rotate   0.010    0.0063     4.736  8.776e-03
  rotate   0.010    0.0063     8.995  1.240e-04
  rotate   0.010    0.0063     0.501  6.058e-01
  rotate   0.010    0.0063    14.307  6.115e-07
  rotate   0.010    0.0063    10.549  2.622e-05
  rotate   0.010    0.0063     5.312  4.932e-03
  rotate   0.010    0.0063     7.492  5.575e-04
  rotate   0.010    0.0063     9.747  5.847e-05
  rotate   0.010    0.0063     4.523  1.086e-02
  rotate   0.010    0.0063     6.515  1.481e-03
  rotate   0.010    0.0063     5.450  4.297e-03
  rotate   0.010    0.0063     5.475  4.191e-03
  rotate   0.010    0.0063    12.591  3.402e-06
  rotate   0.010    0.0063     5.938  2.636e-03
  rotate   0.010    0.0063    11.526  9.869e-06
  rotate   0.010    0.0063    -4.623  1.000e+00
  rotate   0.010    0.0063     3.558  2.849e-02
  rotate   0.010    0.0063     4.260  1.413e-02
  rotate   0.010    0.0064    11.614  9.040e-06
  rotate   0.010    0.0064     6.026  2.415e-03
  rotate   0.010    0.0064     8.745  1.593e-04
  rotate   0.010    0.0064     5.913  2.703e-03
  rotate   0.010    0.0064     7.191  7.531e-04
  rotate   0.010    0.0064     8.419  2.206e-04
  rotate   0.010    0.0064     7.079  8.430e-04
  rotate   0.010    0.0064     9.096  1.122e-04
  rotate   0.010    0.0064     6.765  1.153e-03
  rotate   0.010    0.0064     6.640  1.307e-03
  rotate   0.010    0.0065     5.412  4.462e-03
  rotate   0.010    0.0065     6.828  1.083e-03
  rotate   0.010    0.0065     3.007  4.945e-02
  rotate   0.010    0.0065    11.651  8.707e-06
  rotate   0.010    0.0065     9.872  5.158e-05
  rotate   0.010    0.0065     6.891  1.017e-03
  rotate   0.010    0.0065     8.933  1.320e-04
  rotate   0.020    0.0125    17.803  1.855e-08
  rotate   0.020    0.0125    36.232  1.839e-16
  rotate   0.020    0.0126    18.980  5.713e-09
  rotate   0.020    0.0126    17.728  2.000e-08
  rotate   0.020    0.0126    37.648  4.465e-17
  rotate   0.020    0.0126    34.390  1.160e-15
  rotate   0.020    0.0126    39.665  5.940e-18
  rotate   0.020    0.0126    43.160  1.802e-19
  rotate   0.020    0.0126    21.361  5.286e-10
  rotate   0.020    0.0126    22.326  2.014e-10
  rotate   0.020    0.0126    35.343  4.476e-16
  rotate   0.020    0.0126    32.912  5.087e-15
  rotate   0.020    0.0126    27.437  1.214e-12
  rotate   0.020    0.0126    23.591  5.683e-11
  rotate   0.020    0.0126    37.485  5.254e-17
  rotate   0.020    0.0126    31.095  3.129e-14
  rotate   0.020    0.0126    31.885  1.421e-14
  rotate   0.020    0.0126    21.774  3.496e-10
  rotate   0.020    0.0127    19.356  3.923e-09
  rotate   0.020    0.0127    20.396  1.387e-09
  rotate   0.020    0.0127    28.778  3.177e-13
  rotate   0.020    0.0127    27.412  1.245e-12
  rotate   0.020    0.0127    18.905  6.159e-09
  rotate   0.020    0.0127    35.869  2.645e-16
  rotate   0.020    0.0127    32.311  9.282e-15
  rotate   0.020    0.0127    26.761  2.388e-12
  rotate   0.020    0.0127    28.865  2.910e-13
  rotate   0.020    0.0127    30.419  6.155e-14
  rotate   0.020    0.0127    13.719  1.102e-06
  rotate   0.020    0.0127    28.515  4.133e-13
  rotate   0.020    0.0128    30.281  7.065e-14
  rotate   0.020    0.0128    21.611  4.114e-10
  rotate   0.020    0.0129    29.993  9.424e-14
  rotate   0.020    0.0129    21.574  4.272e-10
  rotate   0.020    0.0129    15.823  1.343e-07
  rotate   0.020    0.0129    41.607  8.520e-19
  rotate   0.020    0.0129    21.900  3.084e-10
  rotate   0.020    0.0129    38.437  2.028e-17
  rotate   0.020    0.0130    30.068  8.742e-14
  rotate   0.020    0.0130    19.507  3.376e-09
  rotate   0.030    0.0188    73.253  1.536e-32
  rotate   0.030    0.0188    73.241  1.556e-32
  rotate   0.030    0.0188    75.308  1.969e-33
  rotate   0.030    0.0189    83.026  8.759e-37
  rotate   0.030    0.0189    55.739  6.208e-25
  rotate   0.030    0.0189    62.279  8.970e-28
  rotate   0.030    0.0189    59.560  1.360e-26
  rotate   0.030    0.0190    84.942  1.288e-37
  rotate   0.030    0.0190    71.712  7.173e-32
  rotate   0.030    0.0190    51.203  5.789e-23
  rotate   0.030    0.0190    74.669  3.729e-33
  rotate   0.030    0.0190    65.386  4.012e-29
  rotate   0.030    0.0190    74.356  5.101e-33
  rotate   0.030    0.0190    80.395  1.216e-35
  rotate   0.030    0.0190    61.226  2.569e-27
  rotate   0.030    0.0190    43.799  9.512e-20
  rotate   0.030    0.0190    64.220  1.287e-28
  rotate   0.030    0.0190    86.208  3.635e-38
  rotate   0.030    0.0190    58.295  4.820e-26
  rotate   0.030    0.0190    64.396  1.080e-28
  rotate   0.030    0.0191    71.750  6.908e-32
  rotate   0.030    0.0191    37.122  7.556e-17
  rotate   0.030    0.0191    54.035  3.412e-24
  rotate   0.030    0.0191    45.440  1.843e-20
  rotate   0.030    0.0191    71.224  1.169e-31
  rotate   0.030    0.0191    51.316  5.172e-23
  rotate   0.030    0.0192    49.274  3.986e-22
  rotate   0.030    0.0192    58.407  4.306e-26
  rotate   0.030    0.0192    69.846  4.639e-31
  rotate   0.030    0.0192    70.409  2.640e-31
  rotate   0.030    0.0192    43.411  1.403e-19
  rotate   0.030    0.0192    41.268  1.195e-18
  rotate   0.030    0.0192    65.122  5.220e-29
  rotate   0.030    0.0193    72.427  3.512e-32
  rotate   0.030    0.0193    77.125  3.200e-34
  rotate   0.030    0.0194    45.190  2.368e-20
  rotate   0.030    0.0194    86.533  2.624e-38
  rotate   0.030    0.0194    87.974  6.213e-39
  rotate   0.030    0.0195    71.199  1.199e-31
  rotate   0.030    0.0195    56.929  1.888e-25
  rotate   0.050    0.0313   178.504  2.996e-78
  rotate   0.050    0.0314   247.460 3.383e-108
  rotate   0.050    0.0314   148.361  3.695e-65
  rotate   0.050    0.0314   211.504  1.396e-92
  rotate   0.050    0.0315   216.565  8.848e-95
  rotate   0.050    0.0315   219.710  3.812e-96
  rotate   0.050    0.0316   209.337  1.220e-91
  rotate   0.050    0.0316   202.083  1.724e-88
  rotate   0.050    0.0316   191.058  1.059e-83
  rotate   0.050    0.0316   208.823  2.039e-91
  rotate   0.050    0.0316   205.202  7.618e-90
  rotate   0.050    0.0316   215.563  2.411e-94
  rotate   0.050    0.0316   207.056  1.193e-90
  rotate   0.050    0.0316   174.332  1.943e-76
  rotate   0.050    0.0316   205.403  6.234e-90
  rotate   0.050    0.0317   213.947  1.213e-93
  rotate   0.050    0.0317   244.178 9.013e-107
  rotate   0.050    0.0318   141.032  5.632e-62
  rotate   0.050    0.0318   229.470 2.201e-100
  rotate   0.050    0.0320   171.413  3.599e-75
  rotate   0.050    0.0320   213.884  1.292e-93
  rotate   0.050    0.0320   222.880  1.602e-97
  rotate   0.050    0.0320   171.200  4.454e-75
  rotate   0.050    0.0321   162.906  1.781e-71
  rotate   0.050    0.0321   159.975  3.341e-70
  rotate   0.050    0.0323   232.213 1.416e-101
  rotate   0.050    0.0323   245.280 2.993e-107
  rotate   0.050    0.0323   173.906  2.975e-76
  rotate   0.050    0.0324   259.939 1.289e-113
  rotate   0.050    0.0324   256.669 3.390e-112
  rotate   0.050    0.0324   254.652 2.548e-111
  rotate   0.050    0.0324   253.136 1.160e-110
  rotate   0.050    0.0325   165.863  9.259e-73
  rotate   0.050    0.0325   262.808 7.313e-115
  rotate   0.050    0.0325   172.002  1.997e-75
  rotate   0.050    0.0325   183.954  1.288e-80
  rotate   0.050    0.0325   270.751 2.597e-118
  rotate   0.050    0.0326   202.484  1.155e-88
  rotate   0.050    0.0326   177.840  5.821e-78
  rotate   0.050    0.0326   283.680 6.301e-124
  rotate   0.080    0.0502   672.824 6.258e-293
  rotate   0.080    0.0502   745.438  0.000e+00
  rotate   0.080    0.0502   739.324 8.251e-322
  rotate   0.080    0.0503   909.322  0.000e+00
  rotate   0.080    0.0503   700.599 5.417e-305
  rotate   0.080    0.0503   545.811 9.064e-238
  rotate   0.080    0.0505  1011.014  0.000e+00
  rotate   0.080    0.0506   814.570  0.000e+00
  rotate   0.080    0.0506   622.911 2.974e-271
  rotate   0.080    0.0506   512.072 4.073e-223
  rotate   0.080    0.0506   576.581 3.928e-251
  rotate   0.080    0.0507   505.883 1.985e-220
  rotate   0.080    0.0507   485.700 1.157e-211
  rotate   0.080    0.0507   673.726 2.539e-293
  rotate   0.080    0.0507   584.524 1.395e-254
  rotate   0.080    0.0507   548.505 6.130e-239
  rotate   0.080    0.0507   462.961 8.683e-202
  rotate   0.080    0.0508   816.136  0.000e+00
  rotate   0.080    0.0509   858.106  0.000e+00
  rotate   0.080    0.0509   802.618  0.000e+00
  rotate   0.080    0.0509   487.867 1.324e-212
  rotate   0.080    0.0509   986.108  0.000e+00
  rotate   0.080    0.0510   633.334 8.840e-276
  rotate   0.080    0.0510   596.263 1.113e-259
  rotate   0.080    0.0511   620.818 2.410e-270
  rotate   0.080    0.0512   689.762 2.755e-300
  rotate   0.080    0.0513   511.132 1.042e-222
  rotate   0.080    0.0513   534.109 1.094e-232
  rotate   0.080    0.0514   533.884 1.371e-232
  rotate   0.080    0.0515   579.224 2.794e-252
  rotate   0.080    0.0515   511.671 6.082e-223
  rotate   0.080    0.0516   529.098 1.643e-230
  rotate   0.080    0.0517   836.995  0.000e+00
  rotate   0.080    0.0517   738.522 1.838e-321
  rotate   0.080    0.0518   869.369  0.000e+00
  rotate   0.080    0.0518   925.045  0.000e+00
  rotate   0.080    0.0519   970.911  0.000e+00
  rotate   0.080    0.0519   754.396  0.000e+00
  rotate   0.080    0.0520   552.940 7.267e-241
  rotate   0.080    0.0521  1113.334  0.000e+00
  rotate   0.120    0.0752  3665.162  0.000e+00
  rotate   0.120    0.0752  4841.727  0.000e+00
  rotate   0.120    0.0752  2976.991  0.000e+00
  rotate   0.120    0.0754  4669.775  0.000e+00
  rotate   0.120    0.0754  5572.582  0.000e+00
  rotate   0.120    0.0754  2563.856  0.000e+00
  rotate   0.120    0.0754  3359.445  0.000e+00
  rotate   0.120    0.0754  4137.118  0.000e+00
  rotate   0.120    0.0754  5873.137  0.000e+00
  rotate   0.120    0.0755  4806.985  0.000e+00
  rotate   0.120    0.0756  3933.620  0.000e+00
  rotate   0.120    0.0756  5685.111  0.000e+00
  rotate   0.120    0.0758  2304.857  0.000e+00
  rotate   0.120    0.0759  2193.141  0.000e+00
  rotate   0.120    0.0759  1940.031  0.000e+00
  rotate   0.120    0.0759  1845.705  0.000e+00
  rotate   0.120    0.0760  1614.393  0.000e+00
  rotate   0.120    0.0760  1496.263  0.000e+00
  rotate   0.120    0.0760  3741.748  0.000e+00
  rotate   0.120    0.0761  2337.406  0.000e+00
  rotate   0.120    0.0761  7079.049  0.000e+00
  rotate   0.120    0.0765  2757.081  0.000e+00
  rotate   0.120    0.0765  2059.526  0.000e+00
  rotate   0.120    0.0766  2547.995  0.000e+00
  rotate   0.120    0.0766  2710.012  0.000e+00
  rotate   0.120    0.0767  1537.720  0.000e+00
  rotate   0.120    0.0768  2142.790  0.000e+00
  rotate   0.120    0.0768  2130.788  0.000e+00
  rotate   0.120    0.0768  5848.018  0.000e+00
  rotate   0.120    0.0769  2253.453  0.000e+00
  rotate   0.120    0.0769  8475.468  0.000e+00
  rotate   0.120    0.0769  5313.495  0.000e+00
  rotate   0.120    0.0771  3699.390  0.000e+00
  rotate   0.120    0.0771  6805.210  0.000e+00
  rotate   0.120    0.0774  1895.004  0.000e+00
  rotate   0.120    0.0775  1842.147  0.000e+00
  rotate   0.120    0.0776  1914.009  0.000e+00
  rotate   0.120    0.0778  2140.034  0.000e+00
  rotate   0.120    0.0778  4750.119  0.000e+00
  rotate   0.120    0.0780  6386.875  0.000e+00

 learned   0.050    0.0015    -7.254  1.000e+00
 learned   0.050    0.0015    -6.565  1.000e+00
 learned   0.050    0.0015    -5.450  1.000e+00
 learned   0.050    0.0015    -5.312  1.000e+00
 learned   0.050    0.0015    -5.262  1.000e+00
 learned   0.050    0.0015    -5.826  1.000e+00
 learned   0.050    0.0015    -6.214  1.000e+00
 learned   0.050    0.0015    -6.302  1.000e+00
 learned   0.050    0.0015    -5.700  1.000e+00
 learned   0.050    0.0015    -6.490  1.000e+00
 learned   0.050    0.0015    -6.139  1.000e+00
 learned   0.050    0.0015    -5.625  1.000e+00
 learned   0.050    0.0015    -6.101  1.000e+00
 learned   0.050    0.0015    -6.327  1.000e+00
 learned   0.050    0.0015    -5.538  1.000e+00
 learned   0.050    0.0015    -6.364  1.000e+00
 learned   0.050    0.0015    -6.314  1.000e+00
 learned   0.050    0.0015    -6.778  1.000e+00
 learned   0.050    0.0015    -6.176  1.000e+00
 learned   0.050    0.0015    -5.700  1.000e+00
 learned   0.050    0.0015    -6.076  1.000e+00
 learned   0.050    0.0015    -7.091  1.000e+00
 learned   0.050    0.0015    -6.465  1.000e+00
 learned   0.050    0.0015    -5.926  1.000e+00
 learned   0.050    0.0015    -6.778  1.000e+00
 learned   0.050    0.0015    -5.851  1.000e+00
 learned   0.050    0.0015    -6.415  1.000e+00
 learned   0.050    0.0015    -6.415  1.000e+00
 learned   0.050    0.0015    -5.487  1.000e+00
 learned   0.050    0.0015    -6.866  1.000e+00
 learned   0.050    0.0015    -6.239  1.000e+00
 learned   0.050    0.0015    -5.400  1.000e+00
 learned   0.050    0.0015    -6.678  1.000e+00
 learned   0.050    0.0015    -6.465  1.000e+00
 learned   0.050    0.0015    -6.465  1.000e+00
 learned   0.050    0.0015    -6.427  1.000e+00
 learned   0.050    0.0015    -6.590  1.000e+00
 learned   0.050    0.0015    -6.502  1.000e+00
 learned   0.050    0.0015    -5.375  1.000e+00
 learned   0.050    0.0015    -5.462  1.000e+00
 learned   0.100    0.0030   -15.974  1.000e+00
 learned   0.100    0.0030   -16.450  1.000e+00
 learned   0.100    0.0030   -17.815  1.000e+00
 learned   0.100    0.0030   -16.713  1.000e+00
 learned   0.100    0.0030   -15.610  1.000e+00
 learned   0.100    0.0030   -16.162  1.000e+00
 learned   0.100    0.0030   -17.765  1.000e+00
 learned   0.100    0.0030   -17.126  1.000e+00
 learned   0.100    0.0030   -16.888  1.000e+00
 learned   0.100    0.0030   -17.778  1.000e+00
 learned   0.100    0.0030   -16.888  1.000e+00
 learned   0.100    0.0030   -17.865  1.000e+00
 learned   0.100    0.0030   -17.014  1.000e+00
 learned   0.100    0.0030   -16.700  1.000e+00
 learned   0.100    0.0030   -16.187  1.000e+00
 learned   0.100    0.0030   -16.086  1.000e+00
 learned   0.100    0.0030   -15.936  1.000e+00
 learned   0.100    0.0030   -17.252  1.000e+00
 learned   0.100    0.0030   -19.056  1.000e+00
 learned   0.100    0.0030   -15.247  1.000e+00
 learned   0.100    0.0030   -17.064  1.000e+00
 learned   0.100    0.0030   -18.467  1.000e+00
 learned   0.100    0.0030   -16.011  1.000e+00
 learned   0.100    0.0030   -18.091  1.000e+00
 learned   0.100    0.0030   -17.765  1.000e+00
 learned   0.100    0.0030   -17.114  1.000e+00
 learned   0.100    0.0030   -14.320  1.000e+00
 learned   0.100    0.0030   -16.738  1.000e+00
 learned   0.100    0.0030   -15.686  1.000e+00
 learned   0.100    0.0030   -16.324  1.000e+00
 learned   0.100    0.0030   -16.011  1.000e+00
 learned   0.100    0.0030   -17.991  1.000e+00
 learned   0.100    0.0030   -16.412  1.000e+00
 learned   0.100    0.0030   -16.788  1.000e+00
 learned   0.100    0.0030   -15.786  1.000e+00
 learned   0.100    0.0030   -16.788  1.000e+00
 learned   0.100    0.0030   -17.652  1.000e+00
 learned   0.100    0.0030   -16.713  1.000e+00
 learned   0.100    0.0030   -16.976  1.000e+00
 learned   0.100    0.0030   -16.462  1.000e+00
 learned   0.200    0.0062   -21.900  1.000e+00
 learned   0.200    0.0062   -24.117  1.000e+00
 learned   0.200    0.0062   -24.205  1.000e+00
 learned   0.200    0.0062   -22.438  1.000e+00
 learned   0.200    0.0062   -23.679  1.000e+00
 learned   0.200    0.0062   -26.222  1.000e+00
 learned   0.200    0.0062   -23.478  1.000e+00
 learned   0.200    0.0062   -23.829  1.000e+00
 learned   0.200    0.0062   -24.656  1.000e+00
 learned   0.200    0.0062   -21.611  1.000e+00
 learned   0.200    0.0062   -23.278  1.000e+00
 learned   0.200    0.0062   -23.679  1.000e+00
 learned   0.200    0.0062   -24.794  1.000e+00
 learned   0.200    0.0062   -23.253  1.000e+00
 learned   0.200    0.0062   -21.900  1.000e+00
 learned   0.200    0.0062   -24.693  1.000e+00
 learned   0.200    0.0062   -22.814  1.000e+00
 learned   0.200    0.0062   -24.455  1.000e+00
 learned   0.200    0.0062   -22.701  1.000e+00
 learned   0.200    0.0062   -22.288  1.000e+00
 learned   0.200    0.0062   -22.313  1.000e+00
 learned   0.200    0.0062   -20.296  1.000e+00
 learned   0.200    0.0062   -24.117  1.000e+00
 learned   0.200    0.0062   -23.691  1.000e+00
 learned   0.200    0.0062   -23.704  1.000e+00
 learned   0.200    0.0062   -25.646  1.000e+00
 learned   0.200    0.0062   -23.967  1.000e+00
 learned   0.200    0.0062   -22.037  1.000e+00
 learned   0.200    0.0062   -23.416  1.000e+00
 learned   0.200    0.0062   -24.004  1.000e+00
 learned   0.200    0.0062   -23.416  1.000e+00
 learned   0.200    0.0062   -23.629  1.000e+00
 learned   0.200    0.0062   -23.152  1.000e+00
 learned   0.200    0.0062   -23.190  1.000e+00
 learned   0.200    0.0062   -22.138  1.000e+00
 learned   0.200    0.0062   -22.238  1.000e+00
 learned   0.200    0.0062   -21.662  1.000e+00
 learned   0.200    0.0062   -26.986  1.000e+00
 learned   0.200    0.0062   -23.704  1.000e+00
 learned   0.200    0.0062   -23.152  1.000e+00
 learned   0.350    0.0110     6.014  2.445e-03
 learned   0.350    0.0111    10.098  4.117e-05
 learned   0.350    0.0111     8.269  2.564e-04
 learned   0.350    0.0111     8.444  2.152e-04
 learned   0.350    0.0111     9.872  5.158e-05
 learned   0.350    0.0111     7.943  3.551e-04
 learned   0.350    0.0111     9.559  7.055e-05
 learned   0.350    0.0111     9.722  5.995e-05
 learned   0.350    0.0111     6.928  9.798e-04
 learned   0.350    0.0111     7.617  4.919e-04
 learned   0.350    0.0111     9.885  5.094e-05
 learned   0.350    0.0111    10.449  2.899e-05
 learned   0.350    0.0111     8.594  1.851e-04
 learned   0.350    0.0111    12.077  5.687e-06
 learned   0.350    0.0111    10.524  2.689e-05
 learned   0.350    0.0111     6.590  1.374e-03
 learned   0.350    0.0111     7.717  4.450e-04
 learned   0.350    0.0111    10.486  2.792e-05
 learned   0.350    0.0112     7.768  4.232e-04
 learned   0.350    0.0112     9.659  6.382e-05
 learned   0.350    0.0112     7.517  5.437e-04
 learned   0.350    0.0112    11.376  1.147e-05
 learned   0.350    0.0112     5.525  3.986e-03
 learned   0.350    0.0112     8.682  1.696e-04
 learned   0.350    0.0112     7.066  8.536e-04
 learned   0.350    0.0112     9.872  5.158e-05
 learned   0.350    0.0112     5.650  3.516e-03
 learned   0.350    0.0112     8.620  1.805e-04
 learned   0.350    0.0112    11.138  1.455e-05
 learned   0.350    0.0112    12.153  5.275e-06
 learned   0.350    0.0112     9.158  1.053e-04
 learned   0.350    0.0112     9.384  8.408e-05
 learned   0.350    0.0112    12.817  2.716e-06
 learned   0.350    0.0112     8.958  1.287e-04
 learned   0.350    0.0112    11.163  1.419e-05
 learned   0.350    0.0112    14.633  4.415e-07
 learned   0.350    0.0112     8.845  1.441e-04
 learned   0.350    0.0112    14.345  5.889e-07
 learned   0.350    0.0112     7.292  6.813e-04
 learned   0.350    0.0112    10.724  2.200e-05
 learned   0.500    0.0160    88.851  2.585e-39
 learned   0.500    0.0160    80.495  1.100e-35
 learned   0.500    0.0160    84.767  1.535e-37
 learned   0.500    0.0160    78.002  1.331e-34
 learned   0.500    0.0161    86.646  2.344e-38
 learned   0.500    0.0162    85.055  1.151e-37
 learned   0.500    0.0162    76.974  3.719e-34
 learned   0.500    0.0162    93.499  2.476e-41
 learned   0.500    0.0162    85.030  1.180e-37
 learned   0.500    0.0163    76.962  3.766e-34
 learned   0.500    0.0163    85.393  8.206e-38
 learned   0.500    0.0163    88.100  5.481e-39
 learned   0.500    0.0163    89.916  8.911e-40
 learned   0.500    0.0163    85.331  8.736e-38
 learned   0.500    0.0163    84.717  1.614e-37
 learned   0.500    0.0163    78.778  6.123e-35
 learned   0.500    0.0163    81.459  4.194e-36
 learned   0.500    0.0163    81.397  4.465e-36
 learned   0.500    0.0163    83.339  6.404e-37
 learned   0.500    0.0164    90.217  6.597e-40
 learned   0.500    0.0164    84.717  1.614e-37
 learned   0.500    0.0164    79.956  1.886e-35
 learned   0.500    0.0164    90.630  4.363e-40
 learned   0.500    0.0164    87.786  7.497e-39
 learned   0.500    0.0164    85.832  5.293e-38
 learned   0.500    0.0164    80.432  1.172e-35
 learned   0.500    0.0164    88.989  2.252e-39
 learned   0.500    0.0164    88.250  4.716e-39
 learned   0.500    0.0164    90.906  3.312e-40
 learned   0.500    0.0164    81.021  6.502e-36
 learned   0.500    0.0164    89.828  9.728e-40
 learned   0.500    0.0164    92.259  8.560e-41
 learned   0.500    0.0164    95.754  2.597e-42
 learned   0.500    0.0164    83.564  5.111e-37
 learned   0.500    0.0165    92.459  7.005e-41
 learned   0.500    0.0165    88.651  3.158e-39
 learned   0.500    0.0165    89.904  9.023e-40
 learned   0.500    0.0165    87.285  1.237e-38
 learned   0.500    0.0165    92.484  6.832e-41
 learned   0.500    0.0167    83.289  6.733e-37
 learned   0.750    0.0240   294.630 1.107e-128
 learned   0.750    0.0244   307.910 1.890e-134
 learned   0.750    0.0244   302.297 5.177e-132
 learned   0.750    0.0245   309.338 4.531e-135
 learned   0.750    0.0245   315.627 8.411e-138
 learned   0.750    0.0247   315.089 1.441e-137
 learned   0.750    0.0247   307.471 2.930e-134
 learned   0.750    0.0247   296.171 2.370e-129
 learned   0.750    0.0248   312.796 1.427e-136
 learned   0.750    0.0248   312.833 1.375e-136
 learned   0.750    0.0248   293.089 5.167e-128
 learned   0.750    0.0249   306.657 6.616e-134
 learned   0.750    0.0249   305.329 2.497e-133
 learned   0.750    0.0249   314.901 1.739e-137
 learned   0.750    0.0249   311.518 5.123e-136
 learned   0.750    0.0249   293.377 3.873e-128
 learned   0.750    0.0249   309.726 3.073e-135
 learned   0.750    0.0250   319.524 1.709e-139
 learned   0.750    0.0250   315.339 1.122e-137
 learned   0.750    0.0250   330.586 2.681e-144
 learned   0.750    0.0250   307.258 3.626e-134
 learned   0.750    0.0251   310.691 1.171e-135
 learned   0.750    0.0251   328.807 1.588e-143
 learned   0.750    0.0252   328.168 3.009e-143
 learned   0.750    0.0252   314.036 4.129e-137
 learned   0.750    0.0252   319.987 1.075e-139
 learned   0.750    0.0252   313.021 1.139e-136
 learned   0.750    0.0252   321.303 2.884e-140
 learned   0.750    0.0253   321.503 2.361e-140
 learned   0.750    0.0253   328.356 2.493e-143
 learned   0.750    0.0254   314.763 1.996e-137
 learned   0.750    0.0254   333.806 1.071e-145
 learned   0.750    0.0254   323.896 2.157e-141
 learned   0.750    0.0256   317.081 1.966e-138
 learned   0.750    0.0257   324.084 1.787e-141
 learned   0.750    0.0257   312.307 2.326e-136
 learned   0.750    0.0259   323.670 2.702e-141
 learned   0.750    0.0260   330.223 3.855e-144
 learned   0.750    0.0262   344.618 2.160e-150
 learned   0.750    0.0262   305.692 1.736e-133
 learned   1.000    0.0322   606.398 4.412e-264
 learned   1.000    0.0323   572.935 1.505e-249
 learned   1.000    0.0325   575.904 7.727e-251
 learned   1.000    0.0326   594.922 4.252e-259
 learned   1.000    0.0326   611.472 2.761e-266
 learned   1.000    0.0327   598.969 7.432e-261
 learned   1.000    0.0329   612.788 7.408e-267
 learned   1.000    0.0329   607.413 1.599e-264
 learned   1.000    0.0330   596.739 6.912e-260
 learned   1.000    0.0330   592.592 4.371e-258
 learned   1.000    0.0330   605.509 1.074e-263
 learned   1.000    0.0331   590.111 5.223e-257
 learned   1.000    0.0331   631.680 4.620e-275
 learned   1.000    0.0331   619.816 6.566e-270
 learned   1.000    0.0333   618.288 3.028e-269
 learned   1.000    0.0333   623.913 1.092e-271
 learned   1.000    0.0333   624.264 7.687e-272
 learned   1.000    0.0335   624.101 9.047e-272
 learned   1.000    0.0335   670.268 8.061e-292
 learned   1.000    0.0335   622.146 6.387e-271
 learned   1.000    0.0336   657.238 3.673e-286
 learned   1.000    0.0336   618.225 3.223e-269
 learned   1.000    0.0336   620.894 2.236e-270
 learned   1.000    0.0336   609.418 2.154e-265
 learned   1.000    0.0336   593.218 2.336e-258
 learned   1.000    0.0336   633.472 7.702e-276
 learned   1.000    0.0336   629.438 4.351e-274
 learned   1.000    0.0337   665.783 7.149e-290
 learned   1.000    0.0338   609.242 2.567e-265
 learned   1.000    0.0338   604.344 3.443e-263
 learned   1.000    0.0338   628.974 6.917e-274
 learned   1.000    0.0338   598.217 1.576e-260
 learned   1.000    0.0338   601.099 8.834e-262
 learned   1.000    0.0339   629.513 4.036e-274
 learned   1.000    0.0339   639.874 1.277e-278
 learned   1.000    0.0339   627.270 3.801e-273
 learned   1.000    0.0342   624.401 6.697e-272
 learned   1.000    0.0342   621.545 1.165e-270
 learned   1.000    0.0345   662.588 1.745e-288
 learned   1.000    0.0354   663.290 8.650e-289

radius 2.00  waters 1096
    move    step    RMS nm     dU/kT     accept
  jiggle   0.250    0.0044    86.759  2.094e-38
  jiggle   0.250    0.0045    82.149  2.105e-36
  jiggle   0.250    0.0045    73.065  1.854e-32
  jiggle   0.250    0.0045    78.027  1.298e-34
  jiggle   0.250    0.0045    68.806  1.312e-30
  jiggle   0.250    0.0045    83.477  5.580e-37
  jiggle   0.250    0.0045   105.226  2.000e-46
  jiggle   0.250    0.0045   104.562  3.885e-46
  jiggle   0.250    0.0045   103.409  1.230e-45
  jiggle   0.250    0.0045   100.878  1.545e-44
  jiggle   0.250    0.0045    99.475  6.287e-44
  jiggle   0.250    0.0045   122.502  6.279e-54
  jiggle   0.250    0.0045    96.832  8.841e-43
  jiggle   0.250    0.0045   124.194  1.157e-54
  jiggle   0.250    0.0045    89.816  9.850e-40
  jiggle   0.250    0.0045   100.127  3.277e-44
  jiggle   0.250    0.0045   101.780  6.270e-45
  jiggle   0.250    0.0045    79.330  3.528e-35
  jiggle   0.250    0.0045   114.534  1.813e-50
  jiggle   0.250    0.0046   107.944  1.319e-47
  jiggle   0.250    0.0046   118.180  4.732e-52
  jiggle   0.250    0.0046   104.850  2.912e-46
  jiggle   0.250    0.0046   116.351  2.947e-51
  jiggle   0.250    0.0046    85.218  9.779e-38
  jiggle   0.250    0.0046    93.412  2.703e-41
  jiggle   0.250    0.0046   103.196  1.522e-45
  jiggle   0.250    0.0046    97.045  7.145e-43
  jiggle   0.250    0.0046    85.506  7.331e-38
  jiggle   0.250    0.0046    95.792  2.501e-42
  jiggle   0.250    0.0046    97.120  6.628e-43
  jiggle   0.250    0.0046    87.661  8.498e-39
  jiggle   0.250    0.0046    90.505  4.945e-40
  jiggle   0.250    0.0046    94.301  1.111e-41
  jiggle   0.250    0.0046    84.504  1.997e-37
  jiggle   0.250    0.0046    88.325  4.375e-39
  jiggle   0.250    0.0046    97.032  7.235e-43
  jiggle   0.250    0.0046    98.548  1.589e-43
  jiggle   0.250    0.0046   134.454  4.047e-59
  jiggle   0.250    0.0046   118.493  3.459e-52
  jiggle   0.250    0.0047    81.159  5.665e-36
  jiggle   0.500    0.0089   376.177 4.251e-164
  jiggle   0.500    0.0089   395.483 1.753e-172
  jiggle   0.500    0.0090   371.454 4.783e-162
  jiggle   0.500    0.0090   421.479 8.991e-184
  jiggle   0.500    0.0090   358.324 2.409e-156
  jiggle   0.500    0.0090   367.833 1.787e-160
  jiggle   0.500    0.0090   423.797 8.856e-185
  jiggle   0.500    0.0090   379.058 2.383e-165
  jiggle   0.500    0.0090   382.165 1.066e-166
  jiggle   0.500    0.0090   424.511 4.336e-185
  jiggle   0.500    0.0090   415.779 2.688e-181
  jiggle   0.500    0.0090   396.586 5.822e-173
  jiggle   0.500    0.0090   372.644 1.455e-162
  jiggle   0.500    0.0090   380.098 8.422e-166
  jiggle   0.500    0.0091   390.096 3.833e-170
  jiggle   0.500    0.0091   421.216 1.170e-183
  jiggle   0.500    0.0091   401.409 4.681e-175
  jiggle   0.500    0.0091   424.449 4.616e-185
  jiggle   0.500    0.0091   354.678 9.231e-155
  jiggle   0.500    0.0091   398.740 6.749e-174
  jiggle   0.500    0.0091   425.413 1.759e-185
  jiggle   0.500    0.0091   402.211 2.099e-175
  jiggle   0.500    0.0091   465.817 4.990e-203
  jiggle   0.500    0.0091   411.444 2.051e-179
  jiggle   0.500    0.0091   385.473 3.902e-168
  jiggle   0.500    0.0092   434.747 1.555e-189
  jiggle   0.500    0.0092   429.147 4.206e-187
  jiggle   0.500    0.0092   334.996 3.259e-146
  jiggle   0.500    0.0092   424.737 3.461e-185
  jiggle   0.500    0.0092   360.429 2.936e-157
  jiggle   0.500    0.0092   359.314 8.955e-157
  jiggle   0.500    0.0092   418.861 1.233e-182
  jiggle   0.500    0.0092   379.647 1.322e-165
  jiggle   0.500    0.0092   390.860 1.785e-170
  jiggle   0.500    0.0092   381.652 1.781e-166
  jiggle   0.500    0.0092   434.822 1.443e-189
  jiggle   0.500    0.0092   365.929 1.200e-159
  jiggle   0.500    0.0093   388.417 2.054e-169
  jiggle   0.500    0.0093   446.448 1.288e-194
  jiggle   0.500    0.0093   408.838 2.778e-178
  jiggle   0.750    0.0134   821.310  0.000e+00
  jiggle   0.750    0.0134   871.774  0.000e+00
  jiggle   0.750    0.0135   934.955  0.000e+00
  jiggle   0.750    0.0135   863.443  0.000e+00
  jiggle   0.750    0.0135   927.024  0.000e+00
  jiggle   0.750    0.0135   939.127  0.000e+00
  jiggle   0.750    0.0135  1000.628  0.000e+00
  jiggle   0.750    0.0135   938.475  0.000e+00
  jiggle   0.750    0.0135   855.324  0.000e+00
  jiggle   0.750    0.0135  1048.199  0.000e+00
  jiggle   0.750    0.0135   888.387  0.000e+00
  jiggle   0.750    0.0135   894.112  0.000e+00
  jiggle   0.750    0.0136   829.503  0.000e+00
  jiggle   0.750    0.0136   826.484  0.000e+00
  jiggle   0.750    0.0136   832.322  0.000e+00
  jiggle   0.750    0.0136   912.090  0.000e+00
  jiggle   0.750    0.0136   933.088  0.000e+00
  jiggle   0.750    0.0136   880.444  0.000e+00
  jiggle   0.750    0.0136   928.377  0.000e+00
  jiggle   0.750    0.0136   815.660  0.000e+00
  jiggle   0.750    0.0136   988.238  0.000e+00
  jiggle   0.750    0.0137   895.002  0.000e+00
  jiggle   0.750    0.0137   899.700  0.000e+00
  jiggle   0.750    0.0137  1009.298  0.000e+00
  jiggle   0.750    0.0137  1002.470  0.000e+00
  jiggle   0.750    0.0137   940.755  0.000e+00
  jiggle   0.750    0.0137   930.019  0.000e+00
  jiggle   0.750    0.0137   966.990  0.000e+00
  jiggle   0.750    0.0137   937.536  0.000e+00
  jiggle   0.750    0.0137   978.315  0.000e+00
  jiggle   0.750    0.0138  1059.650  0.000e+00
  jiggle   0.750    0.0138   992.397  0.000e+00
  jiggle   0.750    0.0138   879.968  0.000e+00
  jiggle   0.750    0.0138   988.952  0.000e+00
  jiggle   0.750    0.0138   967.416  0.000e+00
  jiggle   0.750    0.0138   956.478  0.000e+00
  jiggle   0.750    0.0139  1068.946  0.000e+00
  jiggle   0.750    0.0139   915.937  0.000e+00
  jiggle   0.750    0.0139   910.512  0.000e+00
  jiggle   0.750    0.0140   848.446  0.000e+00
  jiggle   1.000    0.0179  1647.218  0.000e+00
  jiggle   1.000    0.0179  1602.379  0.000e+00
  jiggle   1.000    0.0179  1557.878  0.000e+00
  jiggle   1.000    0.0179  1608.041  0.000e+00
  jiggle   1.000    0.0180  1662.264  0.000e+00
  jiggle   1.000    0.0180  1763.406  0.000e+00
  jiggle   1.000    0.0180  1756.941  0.000e+00
  jiggle   1.000    0.0180  1737.547  0.000e+00
  jiggle   1.000    0.0180  1662.490  0.000e+00
  jiggle   1.000    0.0180  1815.185  0.000e+00
  jiggle   1.000    0.0181  1721.561  0.000e+00
  jiggle   1.000    0.0181  1606.463  0.000e+00
  jiggle   1.000    0.0181  1659.896  0.000e+00
  jiggle   1.000    0.0181  1879.418  0.000e+00
  jiggle   1.000    0.0181  1643.509  0.000e+00
  jiggle   1.000    0.0182  1706.828  0.000e+00
  jiggle   1.000    0.0182  1891.746  0.000e+00
  jiggle   1.000    0.0182  1768.267  0.000e+00
  jiggle   1.000    0.0182  1813.720  0.000e+00
  jiggle   1.000    0.0182  1880.471  0.000e+00
  jiggle   1.000    0.0182  1777.776  0.000e+00
  jiggle   1.000    0.0182  1805.614  0.000e+00
  jiggle   1.000    0.0182  1791.482  0.000e+00
  jiggle   1.000    0.0182  1687.822  0.000e+00
  jiggle   1.000    0.0182  1830.144  0.000e+00
  jiggle   1.000    0.0183  1635.090  0.000e+00
  jiggle   1.000    0.0183  1704.710  0.000e+00
  jiggle   1.000    0.0183  1628.024  0.000e+00
  jiggle   1.000    0.0183  1522.084  0.000e+00
  jiggle   1.000    0.0183  1895.755  0.000e+00
  jiggle   1.000    0.0183  1837.047  0.000e+00
  jiggle   1.000    0.0183  1636.356  0.000e+00
  jiggle   1.000    0.0184  1843.249  0.000e+00
  jiggle   1.000    0.0184  1683.036  0.000e+00
  jiggle   1.000    0.0184  1603.669  0.000e+00
  jiggle   1.000    0.0184  1816.689  0.000e+00
  jiggle   1.000    0.0184  1633.649  0.000e+00
  jiggle   1.000    0.0184  1699.624  0.000e+00
  jiggle   1.000    0.0185  1784.516  0.000e+00
  jiggle   1.000    0.0185  1677.211  0.000e+00
  jiggle   1.500    0.0267  4605.366  0.000e+00
  jiggle   1.500    0.0268  5197.382  0.000e+00
  jiggle   1.500    0.0268  4341.281  0.000e+00
  jiggle   1.500    0.0269  4232.071  0.000e+00
  jiggle   1.500    0.0270  4646.910  0.000e+00
  jiggle   1.500    0.0270  4607.784  0.000e+00
  jiggle   1.500    0.0270  4844.057  0.000e+00
  jiggle   1.500    0.0270  3953.691  0.000e+00
  jiggle   1.500    0.0271  4392.184  0.000e+00
  jiggle   1.500    0.0271  4735.862  0.000e+00
  jiggle   1.500    0.0271  4276.484  0.000e+00
  jiggle   1.500    0.0271  4372.527  0.000e+00
  jiggle   1.500    0.0272  4143.758  0.000e+00
  jiggle   1.500    0.0272  3915.767  0.000e+00
  jiggle   1.500    0.0272  4804.881  0.000e+00
  jiggle   1.500    0.0272  4625.387  0.000e+00
  jiggle   1.500    0.0272  4782.618  0.000e+00
  jiggle   1.500    0.0272  4086.692  0.000e+00
  jiggle   1.500    0.0272  4618.709  0.000e+00
  jiggle   1.500    0.0273  4014.391  0.000e+00
  jiggle   1.500    0.0273  4857.851  0.000e+00
  jiggle   1.500    0.0273  5038.447  0.000e+00
  jiggle   1.500    0.0273  4417.604  0.000e+00
  jiggle   1.500    0.0273  4526.939  0.000e+00
  jiggle   1.500    0.0274  4898.806  0.000e+00
  jiggle   1.500    0.0274  4347.420  0.000e+00
  jiggle   1.500    0.0274  4139.774  0.000e+00
  jiggle   1.500    0.0274  4409.861  0.000e+00
  jiggle   1.500    0.0274  4294.362  0.000e+00
  jiggle   1.500    0.0274  4377.701  0.000e+00
  jiggle   1.500    0.0275  4007.124  0.000e+00
  jiggle   1.500    0.0275  4759.603  0.000e+00
  jiggle   1.500    0.0276  5243.261  0.000e+00
  jiggle   1.500    0.0277  4114.993  0.000e+00
  jiggle   1.500    0.0277  4036.816  0.000e+00
  jiggle   1.500    0.0277  4419.120  0.000e+00
  jiggle   1.500    0.0277  4794.620  0.000e+00
  jiggle   1.500    0.0279  4875.553  0.000e+00
  jiggle   1.500    0.0279  4568.119  0.000e+00
  jiggle   1.500    0.0280  5747.540  0.000e+00
  jiggle   2.000    0.0351  9291.660  0.000e+00
  jiggle   2.000    0.0351 10283.825  0.000e+00
  jiggle   2.000    0.0355  9250.723  0.000e+00
  jiggle   2.000    0.0355  8571.911  0.000e+00
  jiggle   2.000    0.0356  9212.844  0.000e+00
  jiggle   2.000    0.0357  9711.686  0.000e+00
  jiggle   2.000    0.0359 10735.348  0.000e+00
  jiggle   2.000    0.0360  9697.685  0.000e+00
  jiggle   2.000    0.0360 10003.772  0.000e+00
  jiggle   2.000    0.0361  9972.833  0.000e+00
  jiggle   2.000    0.0362  9027.536  0.000e+00
  jiggle   2.000    0.0362  9641.965  0.000e+00
  jiggle   2.000    0.0362  9819.580  0.000e+00
  jiggle   2.000    0.0362 10931.085  0.000e+00
  jiggle   2.000    0.0363 13762.885  0.000e+00
  jiggle   2.000    0.0363 12132.480  0.000e+00
  jiggle   2.000    0.0363  9363.873  0.000e+00
  jiggle   2.000    0.0363  8995.514  0.000e+00
  jiggle   2.000    0.0363  9963.825  0.000e+00
  jiggle   2.000    0.0363 11357.544  0.000e+00
  jiggle   2.000    0.0364 10774.129  0.000e+00
  jiggle   2.000    0.0364 10257.315  0.000e+00
  jiggle   2.000    0.0364  9749.878  0.000e+00
  jiggle   2.000    0.0364  9819.091  0.000e+00
  jiggle   2.000    0.0364  8595.220  0.000e+00
  jiggle   2.000    0.0364 11675.577  0.000e+00
  jiggle   2.000    0.0365 10686.907  0.000e+00
  jiggle   2.000    0.0365 10068.243  0.000e+00
  jiggle   2.000    0.0365  9941.782  0.000e+00
  jiggle   2.000    0.0365 10427.237  0.000e+00
  jiggle   2.000    0.0366 11677.976  0.000e+00
  jiggle   2.000    0.0366 10695.019  0.000e+00
  jiggle   2.000    0.0367 11665.717  0.000e+00
  jiggle   2.000    0.0367 11543.146  0.000e+00
  jiggle   2.000    0.0368 11325.233  0.000e+00
  jiggle   2.000    0.0368 10971.044  0.000e+00
  jiggle   2.000    0.0368 10130.284  0.000e+00
  jiggle   2.000    0.0369 10545.793  0.000e+00
  jiggle   2.000    0.0369 11910.703  0.000e+00
  jiggle   2.000    0.0373 10595.926  0.000e+00
  jiggle   3.000    0.0532 42716.988  0.000e+00
  jiggle   3.000    0.0537 43414.117  0.000e+00
  jiggle   3.000    0.0537 63606.852  0.000e+00
  jiggle   3.000    0.0537 30858.347  0.000e+00
  jiggle   3.000    0.0538 92887.149  0.000e+00
  jiggle   3.000    0.0539 54169.316  0.000e+00
  jiggle   3.000    0.0539 82276.016  0.000e+00
  jiggle   3.000    0.0539 105898.130  0.000e+00
  jiggle   3.000    0.0541 58879.463  0.000e+00
  jiggle   3.000    0.0541 48580.134  0.000e+00
  jiggle   3.000    0.0542 71548.342  0.000e+00
  jiggle   3.000    0.0543 76159.299  0.000e+00
  jiggle   3.000    0.0543 220400.268  0.000e+00
  jiggle   3.000    0.0543 507928.259  0.000e+00
  jiggle   3.000    0.0543 60717.588  0.000e+00
  jiggle   3.000    0.0544 43692.121  0.000e+00
  jiggle   3.000    0.0544 68809.528  0.000e+00
  jiggle   3.000    0.0544 64072.914  0.000e+00
  jiggle   3.000    0.0545 46357.914  0.000e+00
  jiggle   3.000    0.0545 68573.471  0.000e+00
  jiggle   3.000    0.0546 60143.976  0.000e+00
  jiggle   3.000    0.0546 63762.997  0.000e+00
  jiggle   3.000    0.0546 72864.566  0.000e+00
  jiggle   3.000    0.0547 61612.577  0.000e+00
  jiggle   3.000    0.0547 60699.694  0.000e+00
  jiggle   3.000    0.0547 58626.572  0.000e+00
  jiggle   3.000    0.0547 76282.697  0.000e+00
  jiggle   3.000    0.0547 47137.787  0.000e+00
  jiggle   3.000    0.0548 64673.292  0.000e+00
  jiggle   3.000    0.0548 79028.979  0.000e+00
  jiggle   3.000    0.0548 45657.065  0.000e+00
  jiggle   3.000    0.0548 39798.642  0.000e+00
  jiggle   3.000    0.0549 62627.400  0.000e+00
  jiggle   3.000    0.0549 116978.000  0.000e+00
  jiggle   3.000    0.0550 87998.540  0.000e+00
  jiggle   3.000    0.0551 149355.899  0.000e+00
  jiggle   3.000    0.0551 354727.062  0.000e+00
  jiggle   3.000    0.0553 66022.084  0.000e+00
  jiggle   3.000    0.0554 144154.987  0.000e+00
  jiggle   3.000    0.0555 59309.349  0.000e+00

  rotate   0.005    0.0031    10.612  2.463e-05
  rotate   0.005    0.0031     7.692  4.563e-04
  rotate   0.005    0.0031    13.919  9.017e-07
  rotate   0.005    0.0031     4.159  1.562e-02
  rotate   0.005    0.0031    11.000  1.670e-05
  rotate   0.005    0.0031    10.900  1.846e-05
  rotate   0.005    0.0031     9.284  9.294e-05
  rotate   0.005    0.0031     4.435  1.185e-02
  rotate   0.005    0.0031     0.000  1.000e+00
  rotate   0.005    0.0031     2.643  7.111e-02
  rotate   0.005    0.0031     7.680  4.620e-04
  rotate   0.005    0.0031    11.426  1.091e-05
  rotate   0.005    0.0032    17.740  1.975e-08
  rotate   0.005    0.0032     7.605  4.981e-04
  rotate   0.005    0.0032     8.469  2.098e-04
  rotate   0.005    0.0032     3.195  4.098e-02
  rotate   0.005    0.0032     0.276  7.591e-01
  rotate   0.005    0.0032     3.784  2.274e-02
  rotate   0.005    0.0032     5.137  5.877e-03
  rotate   0.005    0.0032     8.482  2.072e-04
  rotate   0.005    0.0032    11.213  1.350e-05
  rotate   0.005    0.0032     0.113  8.934e-01
  rotate   0.005    0.0032     3.320  3.615e-02
  rotate   0.005    0.0032    11.752  7.877e-06
  rotate   0.005    0.0032     3.307  3.661e-02
  rotate   0.005    0.0032     4.836  7.939e-03
  rotate   0.005    0.0032    11.514  9.994e-06
  rotate   0.005    0.0032     7.630  4.858e-04
  rotate   0.005    0.0032    -2.506  1.000e+00
  rotate   0.005    0.0032    12.867  2.583e-06
  rotate   0.005    0.0032     4.635  9.701e-03
  rotate   0.005    0.0032     2.380  9.251e-02
  rotate   0.005    0.0032     7.843  3.926e-04
  rotate   0.005    0.0032     3.508  2.996e-02
  rotate   0.005    0.0032     6.665  1.275e-03
  rotate   0.005    0.0032    10.499  2.757e-05
  rotate   0.005    0.0032     2.055  1.281e-01
  rotate   0.005    0.0032    10.499  2.757e-05
  rotate   0.005    0.0032     9.233  9.772e-05
  rotate   0.005    0.0032     4.911  7.364e-03
  rotate   0.010    0.0063    12.002  6.131e-06
  rotate   0.010    0.0063    17.565  2.354e-08
  rotate   0.010    0.0063    15.360  2.135e-07
  rotate   0.010    0.0063    20.509  1.239e-09
  rotate   0.010    0.0063    32.599  6.958e-15
  rotate   0.010    0.0063    24.004  3.759e-11
  rotate   0.010    0.0063    32.048  1.208e-14
  rotate   0.010    0.0063    25.783  6.345e-12
  rotate   0.010    0.0063    25.921  5.528e-12
  rotate   0.010    0.0063    23.904  4.155e-11
  rotate   0.010    0.0063    39.464  7.258e-18
  rotate   0.010    0.0063    20.308  1.514e-09
  rotate   0.010    0.0063    33.964  1.776e-15
  rotate   0.010    0.0063    32.223  1.013e-14
  rotate   0.010    0.0063    16.713  5.517e-08
  rotate   0.010    0.0063    30.306  6.890e-14
  rotate   0.010    0.0063    29.818  1.123e-13
  rotate   0.010    0.0063    19.156  4.794e-09
  rotate   0.010    0.0063    23.290  7.677e-11
  rotate   0.010    0.0063    39.753  5.441e-18
  rotate   0.010    0.0063    28.640  3.646e-13
  rotate   0.010    0.0063    21.624  4.063e-10
  rotate   0.010    0.0063    14.733  3.994e-07
  rotate   0.010    0.0063    32.023  1.238e-14
  rotate   0.010    0.0063    28.151  5.944e-13
  rotate   0.010    0.0063    13.819  9.967e-07
  rotate   0.010    0.0063    29.241  1.998e-13
  rotate   0.010    0.0063    24.819  1.665e-11
  rotate   0.010    0.0063    36.583  1.295e-16
  rotate   0.010    0.0063    11.150  1.437e-05
  rotate   0.010    0.0063    23.140  8.922e-11
  rotate   0.010    0.0063    22.426  1.822e-10
  rotate   0.010    0.0063    25.320  1.009e-11
  rotate   0.010    0.0063    23.704  5.077e-11
  rotate   0.010    0.0063    28.126  6.095e-13
  rotate   0.010    0.0063    29.542  1.480e-13
  rotate   0.010    0.0063    25.282  1.047e-11
  rotate   0.010    0.0063    16.149  9.695e-08
  rotate   0.010    0.0063    47.470  2.421e-21
  rotate   0.010    0.0063    31.860  1.457e-14
  rotate   0.020    0.0125   107.619  1.827e-47
  rotate   0.020    0.0126    87.736  7.882e-39
  rotate   0.020    0.0126    96.907  8.201e-43
  rotate   0.020    0.0126    90.756  3.849e-40
  rotate   0.020    0.0126    86.559  2.559e-38
  rotate   0.020    0.0126   107.631  1.804e-47
  rotate   0.020    0.0126    89.377  1.527e-39
  rotate   0.020    0.0126   108.233  9.890e-48
  rotate   0.020    0.0126   100.052  3.533e-44
  rotate   0.020    0.0126    88.864  2.553e-39
  rotate   0.020    0.0126    80.996  6.667e-36
  rotate   0.020    0.0126   110.162  1.436e-48
  rotate   0.020    0.0126   112.455  1.451e-49
  rotate   0.020    0.0126   112.668  1.172e-49
  rotate   0.020    0.0126    73.905  8.008e-33
  rotate   0.020    0.0126    81.685  3.347e-36
  rotate   0.020    0.0126    89.603  1.219e-39
  rotate   0.020    0.0126   115.800  5.115e-51
  rotate   0.020    0.0126   112.856  9.715e-50
  rotate   0.020    0.0126   114.234  2.449e-50
  rotate   0.020    0.0126    87.987  6.135e-39
  rotate   0.020    0.0126   111.477  3.854e-49
  rotate   0.020    0.0126    88.463  3.811e-39
  rotate   0.020    0.0126    94.151  1.291e-41
  rotate   0.020    0.0126   114.534  1.813e-50
  rotate   0.020    0.0126   117.428  1.003e-51
  rotate   0.020    0.0126    92.585  6.180e-41
  rotate   0.020    0.0126   122.177  8.697e-54
  rotate   0.020    0.0126   113.332  6.035e-50
  rotate   0.020    0.0127   116.313  3.060e-51
  rotate   0.020    0.0127   129.067  8.847e-57
  rotate   0.020    0.0127   102.758  2.360e-45
  rotate   0.020    0.0127   124.833  6.107e-55
  rotate   0.020    0.0127   120.623  4.112e-53
  rotate   0.020    0.0127   126.198  1.559e-55
  rotate   0.020    0.0127   105.865  1.056e-46
  rotate   0.020    0.0127   102.394  3.394e-45
  rotate   0.020    0.0127   116.439  2.700e-51
  rotate   0.020    0.0127   105.301  1.855e-46
  rotate   0.020    0.0127   121.513  1.689e-53
  rotate   0.030    0.0188   236.122 2.841e-103
  rotate   0.030    0.0188   214.047  1.098e-93
  rotate   0.030    0.0188   250.705 1.319e-109
  rotate   0.030    0.0189   224.671  2.670e-98
  rotate   0.030    0.0189   241.108 1.941e-105
  rotate   0.030    0.0189   227.453  1.654e-99
  rotate   0.030    0.0189   214.110  1.031e-93
  rotate   0.030    0.0189   255.028 1.750e-111
  rotate   0.030    0.0189   247.122 4.745e-108
  rotate   0.030    0.0189   255.666 9.236e-112
  rotate   0.030    0.0189   210.126  5.540e-92
  rotate   0.030    0.0189   193.927  6.008e-85
  rotate   0.030    0.0189   192.185  3.428e-84
  rotate   0.030    0.0189   255.040 1.728e-111
  rotate   0.030    0.0189   274.659 5.211e-120
  rotate   0.030    0.0189   202.007  1.859e-88
  rotate   0.030    0.0189   266.904 1.216e-116
  rotate   0.030    0.0189   254.815 2.165e-111
  rotate   0.030    0.0189   205.879  3.873e-90
  rotate   0.030    0.0189   272.379 5.095e-119
  rotate   0.030    0.0189   273.194 2.257e-119
  rotate   0.030    0.0189   219.873  3.239e-96
  rotate   0.030    0.0190   266.729 1.449e-116
  rotate   0.030    0.0190   197.134  2.431e-86
  rotate   0.030    0.0190   262.996 6.060e-115
  rotate   0.030    0.0190   199.928  1.488e-87
  rotate   0.030    0.0190   200.892  5.669e-88
  rotate   0.030    0.0190   215.388  2.873e-94
  rotate   0.030    0.0190   180.321  4.871e-79
  rotate   0.030    0.0190   259.989 1.226e-113
  rotate   0.030    0.0190   211.805  1.034e-92
  rotate   0.030    0.0190   266.328 2.164e-116
  rotate   0.030    0.0190   224.258  4.037e-98
  rotate   0.030    0.0190   227.102  2.349e-99
  rotate   0.030    0.0190   204.137  2.210e-89
  rotate   0.030    0.0190   260.465 7.613e-114
  rotate   0.030    0.0190   273.970 1.038e-119
  rotate   0.030    0.0190   279.658 3.515e-122
  rotate   0.030    0.0190   236.899 1.306e-103
  rotate   0.030    0.0191   227.390  1.761e-99
  rotate   0.050    0.0314   746.904  0.000e+00
  rotate   0.050    0.0314   647.466 6.442e-282
  rotate   0.050    0.0314   755.035  0.000e+00
  rotate   0.050    0.0314   614.015 2.170e-267
  rotate   0.050    0.0314   673.037 5.057e-293
  rotate   0.050    0.0314   742.481 3.458e-323
  rotate   0.050    0.0314   689.987 2.199e-300
  rotate   0.050    0.0315   759.294  0.000e+00
  rotate   0.050    0.0315   794.862  0.000e+00
  rotate   0.050    0.0315   631.254 7.074e-275
  rotate   0.050    0.0315   592.980 2.964e-258
  rotate   0.050    0.0315   640.250 8.771e-279
  rotate   0.050    0.0315   643.257 4.337e-280
  rotate   0.050    0.0315   751.276  0.000e+00
  rotate   0.050    0.0315   723.914 4.055e-315
  rotate   0.050    0.0315   661.836 3.700e-288
  rotate   0.050    0.0316   776.621  0.000e+00
  rotate   0.050    0.0316   607.463 1.521e-264
  rotate   0.050    0.0316   804.321  0.000e+00
  rotate   0.050    0.0316   796.554  0.000e+00
  rotate   0.050    0.0316   851.253  0.000e+00
  rotate   0.050    0.0316   740.139 3.656e-322
  rotate   0.050    0.0316   773.477  0.000e+00
  rotate   0.050    0.0316   841.180  0.000e+00
  rotate   0.050    0.0316   905.851  0.000e+00
  rotate   0.050    0.0316   638.032 8.055e-278
  rotate   0.050    0.0316   877.813  0.000e+00
  rotate   0.050    0.0316   760.911  0.000e+00
  rotate   0.050    0.0317   857.154  0.000e+00
  rotate   0.050    0.0317   633.923 4.906e-276
  rotate   0.050    0.0317   646.151 2.401e-281
  rotate   0.050    0.0317   709.544 7.061e-309
  rotate   0.050    0.0317   768.190  0.000e+00
  rotate   0.050    0.0317   843.585  0.000e+00
  rotate   0.050    0.0317   841.819  0.000e+00
  rotate   0.050    0.0317   764.519  0.000e+00
  rotate   0.050    0.0317   785.028  0.000e+00
  rotate   0.050    0.0317   830.393  0.000e+00
  rotate   0.050    0.0317   838.010  0.000e+00
  rotate   0.050    0.0317   844.375  0.000e+00
  rotate   0.080    0.0502  2662.379  0.000e+00
  rotate   0.080    0.0502  2050.531  0.000e+00
  rotate   0.080    0.0502  1984.582  0.000e+00
  rotate   0.080    0.0502  2305.959  0.000e+00
  rotate   0.080    0.0502  2292.216  0.000e+00
  rotate   0.080    0.0503  2119.099  0.000e+00
  rotate   0.080    0.0503  2875.850  0.000e+00
  rotate   0.080    0.0503  2602.193  0.000e+00
  rotate   0.080    0.0503  2558.268  0.000e+00
  rotate   0.080    0.0503  2721.889  0.000e+00
  rotate   0.080    0.0504  1973.193  0.000e+00
  rotate   0.080    0.0504  2015.978  0.000e+00
  rotate   0.080    0.0504  2677.087  0.000e+00
  rotate   0.080    0.0504  2540.603  0.000e+00
  rotate   0.080    0.0504  2933.706  0.000e+00
  rotate   0.080    0.0505  2563.392  0.000e+00
  rotate   0.080    0.0505  1989.154  0.000e+00
  rotate   0.080    0.0505  2528.438  0.000e+00
  rotate   0.080    0.0505  2021.002  0.000e+00
  rotate   0.080    0.0505  3012.259  0.000e+00
  rotate   0.080    0.0505  3434.327  0.000e+00
  rotate   0.080    0.0505  2313.075  0.000e+00
  rotate   0.080    0.0505  2496.203  0.000e+00
  rotate   0.080    0.0505  2282.093  0.000e+00
  rotate   0.080    0.0505  2240.599  0.000e+00
  rotate   0.080    0.0505  2503.344  0.000e+00
  rotate   0.080    0.0506  2544.174  0.000e+00
  rotate   0.080    0.0506  2658.270  0.000e+00
  rotate   0.080    0.0506  2333.685  0.000e+00
  rotate   0.080    0.0506  2194.682  0.000e+00
  rotate   0.080    0.0506  2541.756  0.000e+00
  rotate   0.080    0.0506  2395.475  0.000e+00
  rotate   0.080    0.0507  2527.035  0.000e+00
  rotate   0.080    0.0507  2853.374  0.000e+00
  rotate   0.080    0.0507  2260.168  0.000e+00
  rotate   0.080    0.0507  2362.337  0.000e+00
  rotate   0.080    0.0508  2380.453  0.000e+00
  rotate   0.080    0.0508  3050.821  0.000e+00
  rotate   0.080    0.0508  2436.192  0.000e+00
  rotate   0.080    0.0508  2443.345  0.000e+00
  rotate   0.120    0.0753 17043.276  0.000e+00
  rotate   0.120    0.0753 15375.781  0.000e+00
  rotate   0.120    0.0753 13782.160  0.000e+00
  rotate   0.120    0.0753 10687.458  0.000e+00
  rotate   0.120    0.0754 22144.703  0.000e+00
  rotate   0.120    0.0754 10720.126  0.000e+00
  rotate   0.120    0.0754  8010.039  0.000e+00
  rotate   0.120    0.0754 10919.001  0.000e+00
  rotate   0.120    0.0754  9964.076  0.000e+00
  rotate   0.120    0.0755 12244.578  0.000e+00
  rotate   0.120    0.0755 12151.893  0.000e+00
  rotate   0.120    0.0755 11157.735  0.000e+00
  rotate   0.120    0.0755 12348.926  0.000e+00
  rotate   0.120    0.0756 12739.035  0.000e+00
  rotate   0.120    0.0756 10911.265  0.000e+00
  rotate   0.120    0.0756 11022.961  0.000e+00
  rotate   0.120    0.0756 14218.454  0.000e+00
  rotate   0.120    0.0756 10607.383  0.000e+00
  rotate   0.120    0.0756  9138.976  0.000e+00
  rotate   0.120    0.0756 16491.676  0.000e+00
  rotate   0.120    0.0756  8135.642  0.000e+00
  rotate   0.120    0.0756 17171.428  0.000e+00
  rotate   0.120    0.0756 10135.214  0.000e+00
  rotate   0.120    0.0757 16539.403  0.000e+00
  rotate   0.120    0.0757 13821.624  0.000e+00
  rotate   0.120    0.0757 12991.250  0.000e+00
  rotate   0.120    0.0757 11327.589  0.000e+00
  rotate   0.120    0.0758 12808.768  0.000e+00
  rotate   0.120    0.0758 24256.735  0.000e+00
  rotate   0.120    0.0758 10403.452  0.000e+00
  rotate   0.120    0.0758  9267.962  0.000e+00
  rotate   0.120    0.0759 11204.015  0.000e+00
  rotate   0.120    0.0759 10768.441  0.000e+00
  rotate   0.120    0.0759 21177.218  0.000e+00
  rotate   0.120    0.0759  9455.969  0.000e+00
  rotate   0.120    0.0760 14554.502  0.000e+00
  rotate   0.120    0.0761 12494.707  0.000e+00
  rotate   0.120    0.0761 11716.457  0.000e+00
  rotate   0.120    0.0762 11398.906  0.000e+00
  rotate   0.120    0.0762 12194.940  0.000e+00

 learned   0.050    0.0014   -80.294  1.000e+00
 learned   0.050    0.0014   -81.372  1.000e+00
 learned   0.050    0.0014   -82.512  1.000e+00
 learned   0.050    0.0014   -81.196  1.000e+00
 learned   0.050    0.0014   -81.071  1.000e+00
 learned   0.050    0.0014   -81.209  1.000e+00
 learned   0.050    0.0014   -81.560  1.000e+00
 learned   0.050    0.0014   -81.434  1.000e+00
 learned   0.050    0.0014   -81.685  1.000e+00
 learned   0.050    0.0014   -81.485  1.000e+00
 learned   0.050    0.0014   -81.447  1.000e+00
 learned   0.050    0.0014   -82.086  1.000e+00
 learned   0.050    0.0014   -80.445  1.000e+00
 learned   0.050    0.0014   -81.434  1.000e+00
 learned   0.050    0.0014   -81.785  1.000e+00
 learned   0.050    0.0014   -81.723  1.000e+00
 learned   0.050    0.0014   -82.374  1.000e+00
 learned   0.050    0.0014   -81.785  1.000e+00
 learned   0.050    0.0014   -80.996  1.000e+00
 learned   0.050    0.0014   -82.161  1.000e+00
 learned   0.050    0.0014   -82.174  1.000e+00
 learned   0.050    0.0014   -79.843  1.000e+00
 learned   0.050    0.0014   -81.121  1.000e+00
 learned   0.050    0.0014   -83.101  1.000e+00
 learned   0.050    0.0014   -81.284  1.000e+00
 learned   0.050    0.0014   -80.983  1.000e+00
 learned   0.050    0.0014   -81.071  1.000e+00
 learned   0.050    0.0014   -81.272  1.000e+00
 learned   0.050    0.0014   -80.608  1.000e+00
 learned   0.050    0.0014   -82.086  1.000e+00
 learned   0.050    0.0014   -80.933  1.000e+00
 learned   0.050    0.0014   -81.134  1.000e+00
 learned   0.050    0.0014   -79.881  1.000e+00
 learned   0.050    0.0014   -83.163  1.000e+00
 learned   0.050    0.0014   -80.745  1.000e+00
 learned   0.050    0.0014   -80.395  1.000e+00
 learned   0.050    0.0014   -80.357  1.000e+00
 learned   0.050    0.0014   -81.485  1.000e+00
 learned   0.050    0.0014   -82.123  1.000e+00
 learned   0.050    0.0014   -79.067  1.000e+00
 learned   0.100    0.0029  -138.576  1.000e+00
 learned   0.100    0.0029  -138.288  1.000e+00
 learned   0.100    0.0029  -138.313  1.000e+00
 learned   0.100    0.0029  -136.609  1.000e+00
 learned   0.100    0.0029  -134.843  1.000e+00
 learned   0.100    0.0029  -140.556  1.000e+00
 learned   0.100    0.0029  -139.115  1.000e+00
 learned   0.100    0.0029  -138.000  1.000e+00
 learned   0.100    0.0029  -140.882  1.000e+00
 learned   0.100    0.0029  -133.377  1.000e+00
 learned   0.100    0.0029  -138.213  1.000e+00
 learned   0.100    0.0029  -136.284  1.000e+00
 learned   0.100    0.0029  -140.756  1.000e+00
 learned   0.100    0.0029  -140.318  1.000e+00
 learned   0.100    0.0029  -137.461  1.000e+00
 learned   0.100    0.0029  -138.464  1.000e+00
 learned   0.100    0.0029  -141.232  1.000e+00
 learned   0.100    0.0029  -136.284  1.000e+00
 learned   0.100    0.0029  -139.453  1.000e+00
 learned   0.100    0.0029  -137.399  1.000e+00
 learned   0.100    0.0029  -138.413  1.000e+00
 learned   0.100    0.0029  -139.942  1.000e+00
 learned   0.100    0.0029  -137.073  1.000e+00
 learned   0.100    0.0029  -136.835  1.000e+00
 learned   0.100    0.0029  -138.301  1.000e+00
 learned   0.100    0.0029  -135.169  1.000e+00
 learned   0.100    0.0029  -136.509  1.000e+00
 learned   0.100    0.0029  -138.226  1.000e+00
 learned   0.100    0.0029  -137.624  1.000e+00
 learned   0.100    0.0029  -137.587  1.000e+00
 learned   0.100    0.0029  -136.622  1.000e+00
 learned   0.100    0.0029  -135.820  1.000e+00
 learned   0.100    0.0029  -136.309  1.000e+00
 learned   0.100    0.0029  -136.158  1.000e+00
 learned   0.100    0.0029  -137.937  1.000e+00
 learned   0.100    0.0029  -137.286  1.000e+00
 learned   0.100    0.0029  -138.163  1.000e+00
 learned   0.100    0.0029  -136.634  1.000e+00
 learned   0.100    0.0029  -139.165  1.000e+00
 learned   0.100    0.0029  -136.271  1.000e+00
 learned   0.200    0.0059  -181.649  1.000e+00
 learned   0.200    0.0059  -181.724  1.000e+00
 learned   0.200    0.0059  -176.299  1.000e+00
 learned   0.200    0.0059  -181.298  1.000e+00
 learned   0.200    0.0059  -183.879  1.000e+00
 learned   0.200    0.0059  -182.463  1.000e+00
 learned   0.200    0.0059  -179.644  1.000e+00
 learned   0.200    0.0059  -185.558  1.000e+00
 learned   0.200    0.0059  -184.180  1.000e+00
 learned   0.200    0.0059  -182.313  1.000e+00
 learned   0.200    0.0059  -177.715  1.000e+00
 learned   0.200    0.0059  -176.738  1.000e+00
 learned   0.200    0.0059  -183.278  1.000e+00
 learned   0.200    0.0059  -177.828  1.000e+00
 learned   0.200    0.0059  -178.868  1.000e+00
 learned   0.200    0.0059  -183.465  1.000e+00
 learned   0.200    0.0059  -181.524  1.000e+00
 learned   0.200    0.0059  -186.021  1.000e+00
 learned   0.200    0.0059  -184.505  1.000e+00
 learned   0.200    0.0059  -177.903  1.000e+00
 learned   0.200    0.0059  -188.276  1.000e+00
 learned   0.200    0.0059  -179.356  1.000e+00
 learned   0.200    0.0059  -180.020  1.000e+00
 learned   0.200    0.0059  -183.403  1.000e+00
 learned   0.200    0.0059  -182.188  1.000e+00
 learned   0.200    0.0059  -181.787  1.000e+00
 learned   0.200    0.0059  -184.004  1.000e+00
 learned   0.200    0.0059  -180.108  1.000e+00
 learned   0.200    0.0059  -183.779  1.000e+00
 learned   0.200    0.0059  -179.519  1.000e+00
 learned   0.200    0.0059  -180.271  1.000e+00
 learned   0.200    0.0059  -177.038  1.000e+00
 learned   0.200    0.0059  -185.370  1.000e+00
 learned   0.200    0.0059  -183.979  1.000e+00
 learned   0.200    0.0059  -183.603  1.000e+00
 learned   0.200    0.0059  -185.407  1.000e+00
 learned   0.200    0.0059  -182.438  1.000e+00
 learned   0.200    0.0059  -177.051  1.000e+00
 learned   0.200    0.0059  -177.978  1.000e+00
 learned   0.200    0.0059  -177.565  1.000e+00
 learned   0.350    0.0106   -31.960  1.000e+00
 learned   0.350    0.0106   -39.176  1.000e+00
 learned   0.350    0.0106   -45.591  1.000e+00
 learned   0.350    0.0106   -42.333  1.000e+00
 learned   0.350    0.0106   -41.319  1.000e+00
 learned   0.350    0.0106   -33.451  1.000e+00
 learned   0.350    0.0106   -39.214  1.000e+00
 learned   0.350    0.0106   -33.313  1.000e+00
 learned   0.350    0.0106   -37.660  1.000e+00
 learned   0.350    0.0107   -33.150  1.000e+00
 learned   0.350    0.0107   -40.554  1.000e+00
 learned   0.350    0.0107   -36.470  1.000e+00
 learned   0.350    0.0107   -37.422  1.000e+00
 learned   0.350    0.0107   -35.117  1.000e+00
 learned   0.350    0.0107   -36.270  1.000e+00
 learned   0.350    0.0107   -34.140  1.000e+00
 learned   0.350    0.0107   -30.732  1.000e+00
 learned   0.350    0.0107   -32.348  1.000e+00
 learned   0.350    0.0107   -30.832  1.000e+00
 learned   0.350    0.0107   -26.335  1.000e+00
 learned   0.350    0.0107   -29.717  1.000e+00
 learned   0.350    0.0107   -28.051  1.000e+00
 learned   0.350    0.0107   -34.866  1.000e+00
 learned   0.350    0.0107   -35.756  1.000e+00
 learned   0.350    0.0107   -33.163  1.000e+00
 learned   0.350    0.0107   -25.470  1.000e+00
 learned   0.350    0.0107   -36.407  1.000e+00
 learned   0.350    0.0107   -28.815  1.000e+00
 learned   0.350    0.0107   -27.625  1.000e+00
 learned   0.350    0.0107   -30.933  1.000e+00
 learned   0.350    0.0107   -37.134  1.000e+00
 learned   0.350    0.0107   -37.422  1.000e+00
 learned   0.350    0.0107   -26.197  1.000e+00
 learned   0.350    0.0107   -31.158  1.000e+00
 learned   0.350    0.0107   -35.581  1.000e+00
 learned   0.350    0.0107   -16.938  1.000e+00
 learned   0.350    0.0107   -31.158  1.000e+00
 learned   0.350    0.0107   -37.648  1.000e+00
 learned   0.350    0.0107   -35.418  1.000e+00
 learned   0.350    0.0107   -35.693  1.000e+00
 learned   0.500    0.0156   376.127 4.469e-164
 learned   0.500    0.0156   385.523 3.711e-168
 learned   0.500    0.0156   359.539 7.147e-157
 learned   0.500    0.0156   385.310 4.592e-168
 learned   0.500    0.0156   380.687 4.674e-166
 learned   0.500    0.0156   373.045 9.744e-163
 learned   0.500    0.0156   382.015 1.239e-166
 learned   0.500    0.0156   382.579 7.049e-167
 learned   0.500    0.0156   397.475 2.392e-173
 learned   0.500    0.0156   373.032 9.866e-163
 learned   0.500    0.0156   380.612 5.039e-166
 learned   0.500    0.0156   381.702 1.694e-166
 learned   0.500    0.0156   392.226 4.556e-171
 learned   0.500    0.0156   391.223 1.241e-170
 learned   0.500    0.0157   382.867 5.284e-167
 learned   0.500    0.0157   383.406 3.083e-167
 learned   0.500    0.0157   398.678 7.185e-174
 learned   0.500    0.0157   389.419 7.539e-170
 learned   0.500    0.0157   398.089 1.295e-173
 learned   0.500    0.0157   392.539 3.331e-171
 learned   0.500    0.0157   387.979 3.185e-169
 learned   0.500    0.0157   400.494 1.168e-174
 learned   0.500    0.0157   395.759 1.331e-172
 learned   0.500    0.0157   387.227 6.753e-169
 learned   0.500    0.0157   392.702 2.830e-171
 learned   0.500    0.0157   399.492 3.182e-174
 learned   0.500    0.0157   405.506 7.782e-177
 learned   0.500    0.0157   389.482 7.082e-170
 learned   0.500    0.0157   377.768 8.659e-165
 learned   0.500    0.0157   387.051 8.048e-169
 learned   0.500    0.0157   399.141 4.520e-174
 learned   0.500    0.0157   387.402 5.667e-169
 learned   0.500    0.0157   400.056 1.811e-174
 learned   0.500    0.0158   390.873 1.763e-170
 learned   0.500    0.0158   403.827 4.170e-176
 learned   0.500    0.0158   414.464 1.002e-180
 learned   0.500    0.0158   390.196 3.467e-170
 learned   0.500    0.0158   412.910 4.736e-180
 learned   0.500    0.0158   411.006 3.180e-179
 learned   0.500    0.0158   408.137 5.604e-178
 learned   0.750    0.0237  1601.815  0.000e+00
 learned   0.750    0.0238  1587.019  0.000e+00
 learned   0.750    0.0239  1587.532  0.000e+00
 learned   0.750    0.0239  1561.724  0.000e+00
 learned   0.750    0.0239  1597.956  0.000e+00
 learned   0.750    0.0239  1574.252  0.000e+00
 learned   0.750    0.0239  1537.619  0.000e+00
 learned   0.750    0.0240  1554.558  0.000e+00
 learned   0.750    0.0240  1555.573  0.000e+00
 learned   0.750    0.0240  1582.070  0.000e+00
 learned   0.750    0.0240  1534.738  0.000e+00
 learned   0.750    0.0240  1585.653  0.000e+00
 learned   0.750    0.0240  1602.341  0.000e+00
 learned   0.750    0.0241  1575.731  0.000e+00
 learned   0.750    0.0241  1598.608  0.000e+00
 learned   0.750    0.0241  1628.563  0.000e+00
 learned   0.750    0.0241  1547.166  0.000e+00
 learned   0.750    0.0241  1614.882  0.000e+00
 learned   0.750    0.0241  1613.629  0.000e+00
 learned   0.750    0.0241  1611.687  0.000e+00
 learned   0.750    0.0241  1564.305  0.000e+00
 learned   0.750    0.0241  1602.291  0.000e+00
 learned   0.750    0.0241  1637.496  0.000e+00
 learned   0.750    0.0241  1611.412  0.000e+00
 learned   0.750    0.0242  1650.387  0.000e+00
 learned   0.750    0.0242  1608.781  0.000e+00
 learned   0.750    0.0242  1636.568  0.000e+00
 learned   0.750    0.0243  1573.000  0.000e+00
 learned   0.750    0.0243  1627.022  0.000e+00
 learned   0.750    0.0243  1574.027  0.000e+00
 learned   0.750    0.0243  1597.994  0.000e+00
 learned   0.750    0.0244  1613.203  0.000e+00
 learned   0.750    0.0244  1637.420  0.000e+00
 learned   0.750    0.0244  1665.246  0.000e+00
 learned   0.750    0.0244  1640.202  0.000e+00
 learned   0.750    0.0244  1606.112  0.000e+00
 learned   0.750    0.0244  1649.761  0.000e+00
 learned   0.750    0.0245  1649.961  0.000e+00
 learned   0.750    0.0245  1642.407  0.000e+00
 learned   0.750    0.0246  1615.784  0.000e+00
 learned   1.000    0.0316  3080.689  0.000e+00
 learned   1.000    0.0316  3074.700  0.000e+00
 learned   1.000    0.0316  3146.287  0.000e+00
 learned   1.000    0.0317  3131.115  0.000e+00
 learned   1.000    0.0317  3131.366  0.000e+00
 learned   1.000    0.0317  3175.566  0.000e+00
 learned   1.000    0.0317  3106.134  0.000e+00
 learned   1.000    0.0317  3138.156  0.000e+00
 learned   1.000    0.0317  3133.170  0.000e+00
 learned   1.000    0.0317  3154.280  0.000e+00
 learned   1.000    0.0318  3152.451  0.000e+00
 learned   1.000    0.0318  3174.213  0.000e+00
 learned   1.000    0.0318  3119.577  0.000e+00
 learned   1.000    0.0318  3129.249  0.000e+00
 learned   1.000    0.0319  3122.696  0.000e+00
 learned   1.000    0.0319  3163.952  0.000e+00
 learned   1.000    0.0319  3176.092  0.000e+00
 learned   1.000    0.0319  3166.495  0.000e+00
 learned   1.000    0.0319  3210.783  0.000e+00
 learned   1.000    0.0319  3129.863  0.000e+00
 learned   1.000    0.0319  3177.420  0.000e+00
 learned   1.000    0.0320  3192.078  0.000e+00
 learned   1.000    0.0320  3214.329  0.000e+00
 learned   1.000    0.0320  3149.056  0.000e+00
 learned   1.000    0.0320  3250.799  0.000e+00
 learned   1.000    0.0320  3253.843  0.000e+00
 learned   1.000    0.0320  3257.000  0.000e+00
 learned   1.000    0.0320  3201.111  0.000e+00
 learned   1.000    0.0320  3177.145  0.000e+00
 learned   1.000    0.0321  3192.705  0.000e+00
 learned   1.000    0.0321  3199.884  0.000e+00
 learned   1.000    0.0321  3248.193  0.000e+00
 learned   1.000    0.0322  3134.749  0.000e+00
 learned   1.000    0.0323  3217.160  0.000e+00
 learned   1.000    0.0323  3295.162  0.000e+00
 learned   1.000    0.0323  3266.610  0.000e+00
 learned   1.000    0.0324  3239.724  0.000e+00
 learned   1.000    0.0324  3259.256  0.000e+00
 learned   1.000    0.0324  3240.062  0.000e+00
 learned   1.000    0.0327  3294.874  0.000e+00

